EVENT;DATETIME;SERVER_HOST;SERVER_ADDR;METHOD;FILE;ACTION_NAME;ACTION_ADD;COUNTRY;IP_ADDR;USER_AGENT;BROWSER_NAME;BROWSER_VERSION;PLATFORM;LANGUAGE;DOCUMENT_ROOT
"PAGE VISIT";"2018-03-13 21:24:22 Europe/Budapest";localhost;::1;GET;/domains/go_extension_tool/main.php;"page request";" ()";;::1;"Mozilla/5.0 (Macintosh; Intel Mac OS X 10_13_3) AppleWebKit/537.36 (KHTML, like Gecko) Chrome/65.0.3325.124 Safari/537.36";"Google Chrome";65.0.3325.124;mac;"hu,en;q=0.9,en-US;q=0.8";"/Users/Zoli/Google Drive/Sites/domains/go_extension_tool/main.php"
"PAGE VISIT";"2018-03-13 21:24:43 Europe/Budapest";localhost;::1;GET;/domains/go_extension_tool/main.php;"page request";"QUERY (1)";;::1;"Mozilla/5.0 (Macintosh; Intel Mac OS X 10_13_3) AppleWebKit/537.36 (KHTML, like Gecko) Chrome/65.0.3325.124 Safari/537.36";"Google Chrome";65.0.3325.124;mac;"hu,en;q=0.9,en-US;q=0.8";"/Users/Zoli/Google Drive/Sites/domains/go_extension_tool/main.php"
"PAGE VISIT";"2018-03-13 21:25:35 Europe/Budapest";localhost;::1;GET;/domains/go_extension_tool/main.php;"page request";"QUERY (1)";;::1;"Mozilla/5.0 (Macintosh; Intel Mac OS X 10_13_3) AppleWebKit/537.36 (KHTML, like Gecko) Chrome/65.0.3325.124 Safari/537.36";"Google Chrome";65.0.3325.124;mac;"hu,en;q=0.9,en-US;q=0.8";"/Users/Zoli/Google Drive/Sites/domains/go_extension_tool/main.php"
"PAGE VISIT";"2018-03-13 21:28:36 Europe/Budapest";localhost;::1;GET;/domains/go_extension_tool/main.php;"page request";"Sources (3)";;::1;"Mozilla/5.0 (Macintosh; Intel Mac OS X 10_13_3) AppleWebKit/537.36 (KHTML, like Gecko) Chrome/65.0.3325.124 Safari/537.36";"Google Chrome";65.0.3325.124;mac;"hu,en;q=0.9,en-US;q=0.8";"/Users/Zoli/Google Drive/Sites/domains/go_extension_tool/main.php"
"PAGE VISIT";"2018-03-13 21:28:39 Europe/Budapest";localhost;::1;GET;/domains/go_extension_tool/main.php;"page request";"About us (4)";;::1;"Mozilla/5.0 (Macintosh; Intel Mac OS X 10_13_3) AppleWebKit/537.36 (KHTML, like Gecko) Chrome/65.0.3325.124 Safari/537.36";"Google Chrome";65.0.3325.124;mac;"hu,en;q=0.9,en-US;q=0.8";"/Users/Zoli/Google Drive/Sites/domains/go_extension_tool/main.php"
"PAGE VISIT";"2018-03-13 21:29:07 Europe/Budapest";localhost;::1;GET;/domains/go_extension_tool/main.php;"page request";"About us (4)";;::1;"Mozilla/5.0 (Macintosh; Intel Mac OS X 10_13_3) AppleWebKit/537.36 (KHTML, like Gecko) Chrome/65.0.3325.124 Safari/537.36";"Google Chrome";65.0.3325.124;mac;"hu,en;q=0.9,en-US;q=0.8";"/Users/Zoli/Google Drive/Sites/domains/go_extension_tool/main.php"
"PAGE VISIT";"2018-03-13 21:29:08 Europe/Budapest";localhost;::1;GET;/domains/go_extension_tool/main.php;"page request";"Sources (3)";;::1;"Mozilla/5.0 (Macintosh; Intel Mac OS X 10_13_3) AppleWebKit/537.36 (KHTML, like Gecko) Chrome/65.0.3325.124 Safari/537.36";"Google Chrome";65.0.3325.124;mac;"hu,en;q=0.9,en-US;q=0.8";"/Users/Zoli/Google Drive/Sites/domains/go_extension_tool/main.php"
"PAGE VISIT";"2018-03-13 21:29:49 Europe/Budapest";localhost;::1;GET;/domains/go_extension_tool/main.php;"page request";"About us (4)";;::1;"Mozilla/5.0 (Macintosh; Intel Mac OS X 10_13_3) AppleWebKit/537.36 (KHTML, like Gecko) Chrome/65.0.3325.124 Safari/537.36";"Google Chrome";65.0.3325.124;mac;"hu,en;q=0.9,en-US;q=0.8";"/Users/Zoli/Google Drive/Sites/domains/go_extension_tool/main.php"
"PAGE VISIT";"2018-03-13 21:29:58 Europe/Budapest";localhost;::1;GET;/domains/go_extension_tool/main.php;"page request";"Sources (3)";;::1;"Mozilla/5.0 (Macintosh; Intel Mac OS X 10_13_3) AppleWebKit/537.36 (KHTML, like Gecko) Chrome/65.0.3325.124 Safari/537.36";"Google Chrome";65.0.3325.124;mac;"hu,en;q=0.9,en-US;q=0.8";"/Users/Zoli/Google Drive/Sites/domains/go_extension_tool/main.php"
"PAGE VISIT";"2018-03-13 21:29:59 Europe/Budapest";localhost;::1;GET;/domains/go_extension_tool/main.php;"page request";"QUERY (1)";;::1;"Mozilla/5.0 (Macintosh; Intel Mac OS X 10_13_3) AppleWebKit/537.36 (KHTML, like Gecko) Chrome/65.0.3325.124 Safari/537.36";"Google Chrome";65.0.3325.124;mac;"hu,en;q=0.9,en-US;q=0.8";"/Users/Zoli/Google Drive/Sites/domains/go_extension_tool/main.php"
"PAGE VISIT";"2018-03-13 21:33:20 Europe/Budapest";localhost;::1;GET;/domains/go_extension_tool/main.php;"page request";"Sources (3)";;::1;"Mozilla/5.0 (Macintosh; Intel Mac OS X 10_13_3) AppleWebKit/537.36 (KHTML, like Gecko) Chrome/65.0.3325.124 Safari/537.36";"Google Chrome";65.0.3325.124;mac;"hu,en;q=0.9,en-US;q=0.8";"/Users/Zoli/Google Drive/Sites/domains/go_extension_tool/main.php"
"PAGE VISIT";"2018-03-13 21:33:22 Europe/Budapest";localhost;::1;GET;/domains/go_extension_tool/main.php;"page request";"QUERY (1)";;::1;"Mozilla/5.0 (Macintosh; Intel Mac OS X 10_13_3) AppleWebKit/537.36 (KHTML, like Gecko) Chrome/65.0.3325.124 Safari/537.36";"Google Chrome";65.0.3325.124;mac;"hu,en;q=0.9,en-US;q=0.8";"/Users/Zoli/Google Drive/Sites/domains/go_extension_tool/main.php"
"PAGE VISIT";"2018-03-13 21:33:54 Europe/Budapest";localhost;::1;GET;/domains/go_extension_tool/main.php;"page request";"QUERY (1)";;::1;"Mozilla/5.0 (Macintosh; Intel Mac OS X 10_13_3) AppleWebKit/537.36 (KHTML, like Gecko) Chrome/65.0.3325.124 Safari/537.36";"Google Chrome";65.0.3325.124;mac;"hu,en;q=0.9,en-US;q=0.8";"/Users/Zoli/Google Drive/Sites/domains/go_extension_tool/main.php"
"PAGE VISIT";"2018-03-13 21:34:13 Europe/Budapest";localhost;::1;GET;/domains/go_extension_tool/main.php;"page request";"QUERY (1)";;::1;"Mozilla/5.0 (Macintosh; Intel Mac OS X 10_13_3) AppleWebKit/537.36 (KHTML, like Gecko) Chrome/65.0.3325.124 Safari/537.36";"Google Chrome";65.0.3325.124;mac;"hu,en;q=0.9,en-US;q=0.8";"/Users/Zoli/Google Drive/Sites/domains/go_extension_tool/main.php"
"PAGE VISIT";"2018-03-13 21:34:29 Europe/Budapest";localhost;::1;GET;/domains/go_extension_tool/main.php;"page request";"QUERY (1)";;::1;"Mozilla/5.0 (Macintosh; Intel Mac OS X 10_13_3) AppleWebKit/537.36 (KHTML, like Gecko) Chrome/65.0.3325.124 Safari/537.36";"Google Chrome";65.0.3325.124;mac;"hu,en;q=0.9,en-US;q=0.8";"/Users/Zoli/Google Drive/Sites/domains/go_extension_tool/main.php"
"PAGE VISIT";"2018-03-13 21:35:00 Europe/Budapest";localhost;::1;GET;/domains/go_extension_tool/main.php;"page request";"QUERY (1)";;::1;"Mozilla/5.0 (Macintosh; Intel Mac OS X 10_13_3) AppleWebKit/537.36 (KHTML, like Gecko) Chrome/65.0.3325.124 Safari/537.36";"Google Chrome";65.0.3325.124;mac;"hu,en;q=0.9,en-US;q=0.8";"/Users/Zoli/Google Drive/Sites/domains/go_extension_tool/main.php"
"PAGE VISIT";"2018-03-13 21:35:51 Europe/Budapest";localhost;::1;GET;/domains/go_extension_tool/main.php;"page request";"QUERY (1)";;::1;"Mozilla/5.0 (Macintosh; Intel Mac OS X 10_13_3) AppleWebKit/537.36 (KHTML, like Gecko) Chrome/65.0.3325.124 Safari/537.36";"Google Chrome";65.0.3325.124;mac;"hu,en;q=0.9,en-US;q=0.8";"/Users/Zoli/Google Drive/Sites/domains/go_extension_tool/main.php"
"PAGE VISIT";"2018-03-13 21:36:52 Europe/Budapest";localhost;::1;GET;/domains/go_extension_tool/main.php;"page request";"QUERY (1)";;::1;"Mozilla/5.0 (Macintosh; Intel Mac OS X 10_13_3) AppleWebKit/537.36 (KHTML, like Gecko) Chrome/65.0.3325.124 Safari/537.36";"Google Chrome";65.0.3325.124;mac;"hu,en;q=0.9,en-US;q=0.8";"/Users/Zoli/Google Drive/Sites/domains/go_extension_tool/main.php"
"PAGE VISIT";"2018-03-13 21:51:08 Europe/Budapest";localhost;::1;GET;/domains/go_extension_tool/main.php;"page request";"QUERY (1)";;::1;"Mozilla/5.0 (Macintosh; Intel Mac OS X 10_13_3) AppleWebKit/537.36 (KHTML, like Gecko) Chrome/65.0.3325.124 Safari/537.36";"Google Chrome";65.0.3325.124;mac;"hu,en;q=0.9,en-US;q=0.8";"/Users/Zoli/Google Drive/Sites/domains/go_extension_tool/main.php"
"PAGE VISIT";"2018-03-13 21:56:02 Europe/Budapest";localhost;::1;GET;/domains/go_extension_tool/main.php;"page request";"QUERY (1)";;::1;"Mozilla/5.0 (Macintosh; Intel Mac OS X 10_13_3) AppleWebKit/537.36 (KHTML, like Gecko) Chrome/65.0.3325.124 Safari/537.36";"Google Chrome";65.0.3325.124;mac;"hu,en;q=0.9,en-US;q=0.8";"/Users/Zoli/Google Drive/Sites/domains/go_extension_tool/main.php"
"PAGE VISIT";"2018-03-13 22:34:34 Europe/Budapest";localhost;::1;GET;/domains/go_extension_tool/main.php;"page request";"QUERY (1)";;::1;"Mozilla/5.0 (Macintosh; Intel Mac OS X 10_13_3) AppleWebKit/537.36 (KHTML, like Gecko) Chrome/65.0.3325.124 Safari/537.36";"Google Chrome";65.0.3325.124;mac;"hu,en;q=0.9,en-US;q=0.8";"/Users/Zoli/Google Drive/Sites/domains/go_extension_tool/main.php"
"PAGE VISIT";"2018-03-13 22:37:45 Europe/Budapest";localhost;::1;GET;/domains/go_extension_tool/main.php;"page request";"QUERY (1)";;::1;"Mozilla/5.0 (Macintosh; Intel Mac OS X 10_13_3) AppleWebKit/537.36 (KHTML, like Gecko) Chrome/65.0.3325.124 Safari/537.36";"Google Chrome";65.0.3325.124;mac;"hu,en;q=0.9,en-US;q=0.8";"/Users/Zoli/Google Drive/Sites/domains/go_extension_tool/main.php"
"PAGE VISIT";"2018-03-13 22:38:56 Europe/Budapest";localhost;::1;GET;/domains/go_extension_tool/main.php;"page request";"QUERY (1)";;::1;"Mozilla/5.0 (Macintosh; Intel Mac OS X 10_13_3) AppleWebKit/537.36 (KHTML, like Gecko) Chrome/65.0.3325.124 Safari/537.36";"Google Chrome";65.0.3325.124;mac;"hu,en;q=0.9,en-US;q=0.8";"/Users/Zoli/Google Drive/Sites/domains/go_extension_tool/main.php"
"PAGE VISIT";"2018-03-13 22:42:08 Europe/Budapest";localhost;::1;GET;/domains/go_extension_tool/main.php;"page request";"QUERY (1)";;::1;"Mozilla/5.0 (Macintosh; Intel Mac OS X 10_13_3) AppleWebKit/537.36 (KHTML, like Gecko) Chrome/65.0.3325.124 Safari/537.36";"Google Chrome";65.0.3325.124;mac;"hu,en;q=0.9,en-US;q=0.8";"/Users/Zoli/Google Drive/Sites/domains/go_extension_tool/main.php"
"PAGE VISIT";"2018-03-13 22:44:44 Europe/Budapest";localhost;::1;GET;/domains/go_extension_tool/main.php;"page request";"QUERY (1)";;::1;"Mozilla/5.0 (Macintosh; Intel Mac OS X 10_13_3) AppleWebKit/537.36 (KHTML, like Gecko) Chrome/65.0.3325.124 Safari/537.36";"Google Chrome";65.0.3325.124;mac;"hu,en;q=0.9,en-US;q=0.8";"/Users/Zoli/Google Drive/Sites/domains/go_extension_tool/main.php"
"PAGE VISIT";"2018-03-13 22:46:14 Europe/Budapest";localhost;::1;GET;/domains/go_extension_tool/main.php;"page request";"QUERY (1)";;::1;"Mozilla/5.0 (Macintosh; Intel Mac OS X 10_13_3) AppleWebKit/537.36 (KHTML, like Gecko) Chrome/65.0.3325.124 Safari/537.36";"Google Chrome";65.0.3325.124;mac;"hu,en;q=0.9,en-US;q=0.8";"/Users/Zoli/Google Drive/Sites/domains/go_extension_tool/main.php"
"PAGE VISIT";"2018-03-13 22:50:47 Europe/Budapest";localhost;::1;GET;/domains/go_extension_tool/main.php;"page request";"QUERY (1)";;::1;"Mozilla/5.0 (Macintosh; Intel Mac OS X 10_13_3) AppleWebKit/537.36 (KHTML, like Gecko) Chrome/65.0.3325.124 Safari/537.36";"Google Chrome";65.0.3325.124;mac;"hu,en;q=0.9,en-US;q=0.8";"/Users/Zoli/Google Drive/Sites/domains/go_extension_tool/main.php"
"PAGE VISIT";"2018-03-13 22:53:26 Europe/Budapest";localhost;::1;GET;/domains/go_extension_tool/main.php;"page request";"QUERY (1)";;::1;"Mozilla/5.0 (Macintosh; Intel Mac OS X 10_13_3) AppleWebKit/537.36 (KHTML, like Gecko) Chrome/65.0.3325.124 Safari/537.36";"Google Chrome";65.0.3325.124;mac;"hu,en;q=0.9,en-US;q=0.8";"/Users/Zoli/Google Drive/Sites/domains/go_extension_tool/main.php"
"PAGE VISIT";"2018-03-13 22:53:50 Europe/Budapest";localhost;::1;GET;/domains/go_extension_tool/main.php;"page request";"QUERY (1)";;::1;"Mozilla/5.0 (Macintosh; Intel Mac OS X 10_13_3) AppleWebKit/537.36 (KHTML, like Gecko) Chrome/65.0.3325.124 Safari/537.36";"Google Chrome";65.0.3325.124;mac;"hu,en;q=0.9,en-US;q=0.8";"/Users/Zoli/Google Drive/Sites/domains/go_extension_tool/main.php"
"PAGE VISIT";"2018-03-14 06:50:35 Europe/Budapest";localhost;::1;GET;/domains/go_extension_tool/main.php;"page request";"QUERY (1)";;::1;"Mozilla/5.0 (Macintosh; Intel Mac OS X 10_13_3) AppleWebKit/537.36 (KHTML, like Gecko) Chrome/65.0.3325.124 Safari/537.36";"Google Chrome";65.0.3325.124;mac;"hu,en;q=0.9,en-US;q=0.8";"/Users/Zoli/Google Drive/Sites/domains/go_extension_tool/main.php"
"PAGE VISIT";"2018-03-14 06:52:12 Europe/Budapest";localhost;::1;GET;/domains/go_extension_tool/main.php;"page request";"QUERY (1)";;::1;"Mozilla/5.0 (Macintosh; Intel Mac OS X 10_13_3) AppleWebKit/537.36 (KHTML, like Gecko) Chrome/65.0.3325.124 Safari/537.36";"Google Chrome";65.0.3325.124;mac;"hu,en;q=0.9,en-US;q=0.8";"/Users/Zoli/Google Drive/Sites/domains/go_extension_tool/main.php"
"PAGE VISIT";"2018-03-14 06:52:15 Europe/Budapest";localhost;::1;GET;/domains/go_extension_tool/main.php;"page request";"QUERY (1)";;::1;"Mozilla/5.0 (Macintosh; Intel Mac OS X 10_13_3) AppleWebKit/537.36 (KHTML, like Gecko) Chrome/65.0.3325.124 Safari/537.36";"Google Chrome";65.0.3325.124;mac;"hu,en;q=0.9,en-US;q=0.8";"/Users/Zoli/Google Drive/Sites/domains/go_extension_tool/main.php"
"PAGE VISIT";"2018-03-14 06:52:19 Europe/Budapest";localhost;::1;GET;/domains/go_extension_tool/main.php;"page request";"QUERY (1)";;::1;"Mozilla/5.0 (Macintosh; Intel Mac OS X 10_13_3) AppleWebKit/537.36 (KHTML, like Gecko) Chrome/65.0.3325.124 Safari/537.36";"Google Chrome";65.0.3325.124;mac;"hu,en;q=0.9,en-US;q=0.8";"/Users/Zoli/Google Drive/Sites/domains/go_extension_tool/main.php"
"PAGE VISIT";"2018-03-14 06:52:27 Europe/Budapest";localhost;::1;GET;/domains/go_extension_tool/main.php;"page request";"QUERY (1)";;::1;"Mozilla/5.0 (Macintosh; Intel Mac OS X 10_13_3) AppleWebKit/537.36 (KHTML, like Gecko) Chrome/65.0.3325.124 Safari/537.36";"Google Chrome";65.0.3325.124;mac;"hu,en;q=0.9,en-US;q=0.8";"/Users/Zoli/Google Drive/Sites/domains/go_extension_tool/main.php"
"PAGE VISIT";"2018-03-14 06:54:02 Europe/Budapest";localhost;::1;GET;/domains/go_extension_tool/main.php;"page request";"QUERY (1)";;::1;"Mozilla/5.0 (Macintosh; Intel Mac OS X 10_13_3) AppleWebKit/537.36 (KHTML, like Gecko) Chrome/65.0.3325.124 Safari/537.36";"Google Chrome";65.0.3325.124;mac;"hu,en;q=0.9,en-US;q=0.8";"/Users/Zoli/Google Drive/Sites/domains/go_extension_tool/main.php"
"PAGE VISIT";"2018-03-14 06:58:25 Europe/Budapest";localhost;::1;GET;/domains/go_extension_tool/main.php;"page request";"QUERY (1)";;::1;"Mozilla/5.0 (Macintosh; Intel Mac OS X 10_13_3) AppleWebKit/537.36 (KHTML, like Gecko) Chrome/65.0.3325.124 Safari/537.36";"Google Chrome";65.0.3325.124;mac;"hu,en;q=0.9,en-US;q=0.8";"/Users/Zoli/Google Drive/Sites/domains/go_extension_tool/main.php"
"PAGE VISIT";"2018-03-14 06:59:13 Europe/Budapest";localhost;::1;GET;/domains/go_extension_tool/main.php;"page request";"QUERY (1)";;::1;"Mozilla/5.0 (Macintosh; Intel Mac OS X 10_13_3) AppleWebKit/537.36 (KHTML, like Gecko) Chrome/65.0.3325.124 Safari/537.36";"Google Chrome";65.0.3325.124;mac;"hu,en;q=0.9,en-US;q=0.8";"/Users/Zoli/Google Drive/Sites/domains/go_extension_tool/main.php"
"PAGE VISIT";"2018-03-14 07:07:14 Europe/Budapest";localhost;::1;GET;/domains/go_extension_tool/main.php;"page request";"QUERY (1)";;::1;"Mozilla/5.0 (Macintosh; Intel Mac OS X 10_13_3) AppleWebKit/537.36 (KHTML, like Gecko) Chrome/65.0.3325.124 Safari/537.36";"Google Chrome";65.0.3325.124;mac;"hu,en;q=0.9,en-US;q=0.8";"/Users/Zoli/Google Drive/Sites/domains/go_extension_tool/main.php"
"PAGE VISIT";"2018-03-14 09:22:37 Europe/Budapest";localhost;::1;GET;/domains/go_extension_tool/main.php;"page request";"QUERY (1)";;::1;"Mozilla/5.0 (Macintosh; Intel Mac OS X 10_13_3) AppleWebKit/537.36 (KHTML, like Gecko) Chrome/65.0.3325.124 Safari/537.36";"Google Chrome";65.0.3325.124;mac;"hu,en;q=0.9,en-US;q=0.8";"/Users/Zoli/Google Drive/Sites/domains/go_extension_tool/main.php"
"PAGE VISIT";"2018-03-14 09:27:51 Europe/Budapest";localhost;::1;GET;/domains/go_extension_tool/main.php;"page request";"QUERY (1)";;::1;"Mozilla/5.0 (Macintosh; Intel Mac OS X 10_13_3) AppleWebKit/537.36 (KHTML, like Gecko) Chrome/65.0.3325.124 Safari/537.36";"Google Chrome";65.0.3325.124;mac;"hu,en;q=0.9,en-US;q=0.8";"/Users/Zoli/Google Drive/Sites/domains/go_extension_tool/main.php"
"PAGE VISIT";"2018-03-14 09:39:12 Europe/Budapest";localhost;::1;GET;/domains/go_extension_tool/main.php;"page request";"QUERY (1)";;::1;"Mozilla/5.0 (Macintosh; Intel Mac OS X 10_13_3) AppleWebKit/537.36 (KHTML, like Gecko) Chrome/65.0.3325.124 Safari/537.36";"Google Chrome";65.0.3325.124;mac;"hu,en;q=0.9,en-US;q=0.8";"/Users/Zoli/Google Drive/Sites/domains/go_extension_tool/main.php"
"PAGE VISIT";"2018-03-14 09:41:39 Europe/Budapest";localhost;::1;GET;/domains/go_extension_tool/main.php;"page request";"QUERY (1)";;::1;"Mozilla/5.0 (Macintosh; Intel Mac OS X 10_13_3) AppleWebKit/537.36 (KHTML, like Gecko) Chrome/65.0.3325.124 Safari/537.36";"Google Chrome";65.0.3325.124;mac;"hu,en;q=0.9,en-US;q=0.8";"/Users/Zoli/Google Drive/Sites/domains/go_extension_tool/main.php"
"PAGE VISIT";"2018-03-14 09:42:42 Europe/Budapest";localhost;::1;GET;/domains/go_extension_tool/main.php;"page request";"QUERY (1)";;::1;"Mozilla/5.0 (Macintosh; Intel Mac OS X 10_13_3) AppleWebKit/537.36 (KHTML, like Gecko) Chrome/65.0.3325.124 Safari/537.36";"Google Chrome";65.0.3325.124;mac;"hu,en;q=0.9,en-US;q=0.8";"/Users/Zoli/Google Drive/Sites/domains/go_extension_tool/main.php"
"PAGE VISIT";"2018-03-14 09:59:19 Europe/Budapest";localhost;::1;GET;/domains/go_extension_tool/main.php;"page request";"QUERY (1)";;::1;"Mozilla/5.0 (Macintosh; Intel Mac OS X 10_13_3) AppleWebKit/537.36 (KHTML, like Gecko) Chrome/65.0.3325.124 Safari/537.36";"Google Chrome";65.0.3325.124;mac;"hu,en;q=0.9,en-US;q=0.8";"/Users/Zoli/Google Drive/Sites/domains/go_extension_tool/main.php"
"PAGE VISIT";"2018-03-14 09:59:27 Europe/Budapest";localhost;::1;GET;/domains/go_extension_tool/main.php;"page request";"QUERY (1)";;::1;"Mozilla/5.0 (Macintosh; Intel Mac OS X 10_13_3) AppleWebKit/537.36 (KHTML, like Gecko) Chrome/65.0.3325.124 Safari/537.36";"Google Chrome";65.0.3325.124;mac;"hu,en;q=0.9,en-US;q=0.8";"/Users/Zoli/Google Drive/Sites/domains/go_extension_tool/main.php"
"PAGE VISIT";"2018-03-14 10:11:09 Europe/Budapest";localhost;::1;GET;/domains/go_extension_tool/main.php;"page request";"QUERY (1)";;::1;"Mozilla/5.0 (Macintosh; Intel Mac OS X 10_13_3) AppleWebKit/537.36 (KHTML, like Gecko) Chrome/65.0.3325.124 Safari/537.36";"Google Chrome";65.0.3325.124;mac;"hu,en;q=0.9,en-US;q=0.8";"/Users/Zoli/Google Drive/Sites/domains/go_extension_tool/main.php"
"PAGE VISIT";"2018-03-14 10:11:13 Europe/Budapest";localhost;::1;GET;/domains/go_extension_tool/main.php;"page request";"QUERY (1)";;::1;"Mozilla/5.0 (Macintosh; Intel Mac OS X 10_13_3) AppleWebKit/537.36 (KHTML, like Gecko) Chrome/65.0.3325.124 Safari/537.36";"Google Chrome";65.0.3325.124;mac;"hu,en;q=0.9,en-US;q=0.8";"/Users/Zoli/Google Drive/Sites/domains/go_extension_tool/main.php"
"PAGE VISIT";"2018-03-14 10:11:15 Europe/Budapest";localhost;::1;GET;/domains/go_extension_tool/main.php;"page request";"QUERY (1)";;::1;"Mozilla/5.0 (Macintosh; Intel Mac OS X 10_13_3) AppleWebKit/537.36 (KHTML, like Gecko) Chrome/65.0.3325.124 Safari/537.36";"Google Chrome";65.0.3325.124;mac;"hu,en;q=0.9,en-US;q=0.8";"/Users/Zoli/Google Drive/Sites/domains/go_extension_tool/main.php"
"PAGE VISIT";"2018-03-14 10:11:16 Europe/Budapest";localhost;::1;GET;/domains/go_extension_tool/main.php;"page request";"QUERY (1)";;::1;"Mozilla/5.0 (Macintosh; Intel Mac OS X 10_13_3) AppleWebKit/537.36 (KHTML, like Gecko) Chrome/65.0.3325.124 Safari/537.36";"Google Chrome";65.0.3325.124;mac;"hu,en;q=0.9,en-US;q=0.8";"/Users/Zoli/Google Drive/Sites/domains/go_extension_tool/main.php"
"PAGE VISIT";"2018-03-14 10:11:17 Europe/Budapest";localhost;::1;GET;/domains/go_extension_tool/main.php;"page request";"QUERY (1)";;::1;"Mozilla/5.0 (Macintosh; Intel Mac OS X 10_13_3) AppleWebKit/537.36 (KHTML, like Gecko) Chrome/65.0.3325.124 Safari/537.36";"Google Chrome";65.0.3325.124;mac;"hu,en;q=0.9,en-US;q=0.8";"/Users/Zoli/Google Drive/Sites/domains/go_extension_tool/main.php"
"PAGE VISIT";"2018-03-14 10:11:58 Europe/Budapest";localhost;::1;GET;/domains/go_extension_tool/main.php;"page request";"QUERY (1)";;::1;"Mozilla/5.0 (Macintosh; Intel Mac OS X 10_13_3) AppleWebKit/537.36 (KHTML, like Gecko) Chrome/65.0.3325.124 Safari/537.36";"Google Chrome";65.0.3325.124;mac;"hu,en;q=0.9,en-US;q=0.8";"/Users/Zoli/Google Drive/Sites/domains/go_extension_tool/main.php"
"PAGE VISIT";"2018-03-14 10:12:00 Europe/Budapest";localhost;::1;GET;/domains/go_extension_tool/main.php;"page request";"QUERY (1)";;::1;"Mozilla/5.0 (Macintosh; Intel Mac OS X 10_13_3) AppleWebKit/537.36 (KHTML, like Gecko) Chrome/65.0.3325.124 Safari/537.36";"Google Chrome";65.0.3325.124;mac;"hu,en;q=0.9,en-US;q=0.8";"/Users/Zoli/Google Drive/Sites/domains/go_extension_tool/main.php"
"PAGE VISIT";"2018-03-14 10:12:01 Europe/Budapest";localhost;::1;GET;/domains/go_extension_tool/main.php;"page request";"QUERY (1)";;::1;"Mozilla/5.0 (Macintosh; Intel Mac OS X 10_13_3) AppleWebKit/537.36 (KHTML, like Gecko) Chrome/65.0.3325.124 Safari/537.36";"Google Chrome";65.0.3325.124;mac;"hu,en;q=0.9,en-US;q=0.8";"/Users/Zoli/Google Drive/Sites/domains/go_extension_tool/main.php"
"PAGE VISIT";"2018-03-14 10:12:01 Europe/Budapest";localhost;::1;GET;/domains/go_extension_tool/main.php;"page request";"QUERY (1)";;::1;"Mozilla/5.0 (Macintosh; Intel Mac OS X 10_13_3) AppleWebKit/537.36 (KHTML, like Gecko) Chrome/65.0.3325.124 Safari/537.36";"Google Chrome";65.0.3325.124;mac;"hu,en;q=0.9,en-US;q=0.8";"/Users/Zoli/Google Drive/Sites/domains/go_extension_tool/main.php"
"PAGE VISIT";"2018-03-14 10:12:01 Europe/Budapest";localhost;::1;GET;/domains/go_extension_tool/main.php;"page request";"QUERY (1)";;::1;"Mozilla/5.0 (Macintosh; Intel Mac OS X 10_13_3) AppleWebKit/537.36 (KHTML, like Gecko) Chrome/65.0.3325.124 Safari/537.36";"Google Chrome";65.0.3325.124;mac;"hu,en;q=0.9,en-US;q=0.8";"/Users/Zoli/Google Drive/Sites/domains/go_extension_tool/main.php"
"PAGE VISIT";"2018-03-14 10:12:01 Europe/Budapest";localhost;::1;GET;/domains/go_extension_tool/main.php;"page request";"QUERY (1)";;::1;"Mozilla/5.0 (Macintosh; Intel Mac OS X 10_13_3) AppleWebKit/537.36 (KHTML, like Gecko) Chrome/65.0.3325.124 Safari/537.36";"Google Chrome";65.0.3325.124;mac;"hu,en;q=0.9,en-US;q=0.8";"/Users/Zoli/Google Drive/Sites/domains/go_extension_tool/main.php"
"PAGE VISIT";"2018-03-14 10:15:10 Europe/Budapest";localhost;::1;GET;/domains/go_extension_tool/main.php;"page request";"Sources (3)";;::1;"Mozilla/5.0 (Macintosh; Intel Mac OS X 10_13_3) AppleWebKit/537.36 (KHTML, like Gecko) Chrome/65.0.3325.124 Safari/537.36";"Google Chrome";65.0.3325.124;mac;"hu,en;q=0.9,en-US;q=0.8";"/Users/Zoli/Google Drive/Sites/domains/go_extension_tool/main.php"
"PAGE VISIT";"2018-03-14 10:15:13 Europe/Budapest";localhost;::1;GET;/domains/go_extension_tool/main.php;"page request";"About us (4)";;::1;"Mozilla/5.0 (Macintosh; Intel Mac OS X 10_13_3) AppleWebKit/537.36 (KHTML, like Gecko) Chrome/65.0.3325.124 Safari/537.36";"Google Chrome";65.0.3325.124;mac;"hu,en;q=0.9,en-US;q=0.8";"/Users/Zoli/Google Drive/Sites/domains/go_extension_tool/main.php"
"PAGE VISIT";"2018-03-14 10:15:15 Europe/Budapest";localhost;::1;GET;/domains/go_extension_tool/main.php;"page request";"Sources (3)";;::1;"Mozilla/5.0 (Macintosh; Intel Mac OS X 10_13_3) AppleWebKit/537.36 (KHTML, like Gecko) Chrome/65.0.3325.124 Safari/537.36";"Google Chrome";65.0.3325.124;mac;"hu,en;q=0.9,en-US;q=0.8";"/Users/Zoli/Google Drive/Sites/domains/go_extension_tool/main.php"
"PAGE VISIT";"2018-03-14 10:15:15 Europe/Budapest";localhost;::1;GET;/domains/go_extension_tool/main.php;"page request";"QUERY (1)";;::1;"Mozilla/5.0 (Macintosh; Intel Mac OS X 10_13_3) AppleWebKit/537.36 (KHTML, like Gecko) Chrome/65.0.3325.124 Safari/537.36";"Google Chrome";65.0.3325.124;mac;"hu,en;q=0.9,en-US;q=0.8";"/Users/Zoli/Google Drive/Sites/domains/go_extension_tool/main.php"
"PAGE VISIT";"2018-03-14 10:17:46 Europe/Budapest";localhost;::1;POST;/domains/go_extension_tool/main.php;"page request";"QUERY (1)";;::1;"Mozilla/5.0 (Macintosh; Intel Mac OS X 10_13_3) AppleWebKit/537.36 (KHTML, like Gecko) Chrome/65.0.3325.124 Safari/537.36";"Google Chrome";65.0.3325.124;mac;"hu,en;q=0.9,en-US;q=0.8";"/Users/Zoli/Google Drive/Sites/domains/go_extension_tool/main.php"
"PAGE VISIT";"2018-03-14 10:17:51 Europe/Budapest";localhost;::1;POST;/domains/go_extension_tool/main.php;"page request";"QUERY (1)";;::1;"Mozilla/5.0 (Macintosh; Intel Mac OS X 10_13_3) AppleWebKit/537.36 (KHTML, like Gecko) Chrome/65.0.3325.124 Safari/537.36";"Google Chrome";65.0.3325.124;mac;"hu,en;q=0.9,en-US;q=0.8";"/Users/Zoli/Google Drive/Sites/domains/go_extension_tool/main.php"
"PAGE VISIT";"2018-03-14 10:22:14 Europe/Budapest";localhost;::1;GET;/domains/go_extension_tool/main.php;"page request";"About us (4)";;::1;"Mozilla/5.0 (Macintosh; Intel Mac OS X 10_13_3) AppleWebKit/537.36 (KHTML, like Gecko) Chrome/65.0.3325.124 Safari/537.36";"Google Chrome";65.0.3325.124;mac;"hu,en;q=0.9,en-US;q=0.8";"/Users/Zoli/Google Drive/Sites/domains/go_extension_tool/main.php"
"PAGE VISIT";"2018-03-14 10:22:15 Europe/Budapest";localhost;::1;GET;/domains/go_extension_tool/main.php;"page request";"Sources (3)";;::1;"Mozilla/5.0 (Macintosh; Intel Mac OS X 10_13_3) AppleWebKit/537.36 (KHTML, like Gecko) Chrome/65.0.3325.124 Safari/537.36";"Google Chrome";65.0.3325.124;mac;"hu,en;q=0.9,en-US;q=0.8";"/Users/Zoli/Google Drive/Sites/domains/go_extension_tool/main.php"
"PAGE VISIT";"2018-03-14 10:22:16 Europe/Budapest";localhost;::1;GET;/domains/go_extension_tool/main.php;"page request";"QUERY (1)";;::1;"Mozilla/5.0 (Macintosh; Intel Mac OS X 10_13_3) AppleWebKit/537.36 (KHTML, like Gecko) Chrome/65.0.3325.124 Safari/537.36";"Google Chrome";65.0.3325.124;mac;"hu,en;q=0.9,en-US;q=0.8";"/Users/Zoli/Google Drive/Sites/domains/go_extension_tool/main.php"
"PAGE VISIT";"2018-03-14 10:22:41 Europe/Budapest";localhost;::1;GET;/domains/go_extension_tool/main.php;"page request";"QUERY (1)";;::1;"Mozilla/5.0 (Macintosh; Intel Mac OS X 10_13_3) AppleWebKit/537.36 (KHTML, like Gecko) Chrome/65.0.3325.124 Safari/537.36";"Google Chrome";65.0.3325.124;mac;"hu,en;q=0.9,en-US;q=0.8";"/Users/Zoli/Google Drive/Sites/domains/go_extension_tool/main.php"
"PAGE VISIT";"2018-03-14 10:22:42 Europe/Budapest";localhost;::1;GET;/domains/go_extension_tool/main.php;"page request";"Sources (3)";;::1;"Mozilla/5.0 (Macintosh; Intel Mac OS X 10_13_3) AppleWebKit/537.36 (KHTML, like Gecko) Chrome/65.0.3325.124 Safari/537.36";"Google Chrome";65.0.3325.124;mac;"hu,en;q=0.9,en-US;q=0.8";"/Users/Zoli/Google Drive/Sites/domains/go_extension_tool/main.php"
"PAGE VISIT";"2018-03-14 10:22:43 Europe/Budapest";localhost;::1;GET;/domains/go_extension_tool/main.php;"page request";"About us (4)";;::1;"Mozilla/5.0 (Macintosh; Intel Mac OS X 10_13_3) AppleWebKit/537.36 (KHTML, like Gecko) Chrome/65.0.3325.124 Safari/537.36";"Google Chrome";65.0.3325.124;mac;"hu,en;q=0.9,en-US;q=0.8";"/Users/Zoli/Google Drive/Sites/domains/go_extension_tool/main.php"
"PAGE VISIT";"2018-03-14 10:22:44 Europe/Budapest";localhost;::1;GET;/domains/go_extension_tool/main.php;"page request";"Sources (3)";;::1;"Mozilla/5.0 (Macintosh; Intel Mac OS X 10_13_3) AppleWebKit/537.36 (KHTML, like Gecko) Chrome/65.0.3325.124 Safari/537.36";"Google Chrome";65.0.3325.124;mac;"hu,en;q=0.9,en-US;q=0.8";"/Users/Zoli/Google Drive/Sites/domains/go_extension_tool/main.php"
"PAGE VISIT";"2018-03-14 10:22:45 Europe/Budapest";localhost;::1;GET;/domains/go_extension_tool/main.php;"page request";"QUERY (1)";;::1;"Mozilla/5.0 (Macintosh; Intel Mac OS X 10_13_3) AppleWebKit/537.36 (KHTML, like Gecko) Chrome/65.0.3325.124 Safari/537.36";"Google Chrome";65.0.3325.124;mac;"hu,en;q=0.9,en-US;q=0.8";"/Users/Zoli/Google Drive/Sites/domains/go_extension_tool/main.php"
"PAGE VISIT";"2018-03-14 10:22:55 Europe/Budapest";localhost;::1;POST;/domains/go_extension_tool/main.php;"page request";"QUERY (1)";;::1;"Mozilla/5.0 (Macintosh; Intel Mac OS X 10_13_3) AppleWebKit/537.36 (KHTML, like Gecko) Chrome/65.0.3325.124 Safari/537.36";"Google Chrome";65.0.3325.124;mac;"hu,en;q=0.9,en-US;q=0.8";"/Users/Zoli/Google Drive/Sites/domains/go_extension_tool/main.php"
"PAGE VISIT";"2018-03-14 10:26:30 Europe/Budapest";localhost;::1;POST;/domains/go_extension_tool/main.php;"page request";"QUERY (1)";;::1;"Mozilla/5.0 (Macintosh; Intel Mac OS X 10_13_3) AppleWebKit/537.36 (KHTML, like Gecko) Chrome/65.0.3325.124 Safari/537.36";"Google Chrome";65.0.3325.124;mac;"hu,en;q=0.9,en-US;q=0.8";"/Users/Zoli/Google Drive/Sites/domains/go_extension_tool/main.php"
"PAGE VISIT";"2018-03-14 10:29:59 Europe/Budapest";localhost;::1;POST;/domains/go_extension_tool/main.php;"page request";"QUERY (1)";;::1;"Mozilla/5.0 (Macintosh; Intel Mac OS X 10_13_3) AppleWebKit/537.36 (KHTML, like Gecko) Chrome/65.0.3325.124 Safari/537.36";"Google Chrome";65.0.3325.124;mac;"hu,en;q=0.9,en-US;q=0.8";"/Users/Zoli/Google Drive/Sites/domains/go_extension_tool/main.php"
"PAGE VISIT";"2018-03-14 10:31:26 Europe/Budapest";localhost;::1;POST;/domains/go_extension_tool/main.php;"page request";"QUERY (1)";;::1;"Mozilla/5.0 (Macintosh; Intel Mac OS X 10_13_3) AppleWebKit/537.36 (KHTML, like Gecko) Chrome/65.0.3325.124 Safari/537.36";"Google Chrome";65.0.3325.124;mac;"hu,en;q=0.9,en-US;q=0.8";"/Users/Zoli/Google Drive/Sites/domains/go_extension_tool/main.php"
"PAGE VISIT";"2018-03-14 10:31:40 Europe/Budapest";localhost;::1;GET;/domains/go_extension_tool/main.php;"page request";"QUERY (1)";;::1;"Mozilla/5.0 (Macintosh; Intel Mac OS X 10_13_3) AppleWebKit/537.36 (KHTML, like Gecko) Chrome/65.0.3325.124 Safari/537.36";"Google Chrome";65.0.3325.124;mac;"hu,en;q=0.9,en-US;q=0.8";"/Users/Zoli/Google Drive/Sites/domains/go_extension_tool/main.php"
"PAGE VISIT";"2018-03-14 10:31:49 Europe/Budapest";localhost;::1;POST;/domains/go_extension_tool/main.php;"page request";"QUERY (1)";;::1;"Mozilla/5.0 (Macintosh; Intel Mac OS X 10_13_3) AppleWebKit/537.36 (KHTML, like Gecko) Chrome/65.0.3325.124 Safari/537.36";"Google Chrome";65.0.3325.124;mac;"hu,en;q=0.9,en-US;q=0.8";"/Users/Zoli/Google Drive/Sites/domains/go_extension_tool/main.php"
"PAGE VISIT";"2018-03-14 10:33:04 Europe/Budapest";localhost;::1;POST;/domains/go_extension_tool/main.php;"page request";"QUERY (1)";;::1;"Mozilla/5.0 (Macintosh; Intel Mac OS X 10_13_3) AppleWebKit/537.36 (KHTML, like Gecko) Chrome/65.0.3325.124 Safari/537.36";"Google Chrome";65.0.3325.124;mac;"hu,en;q=0.9,en-US;q=0.8";"/Users/Zoli/Google Drive/Sites/domains/go_extension_tool/main.php"
"PAGE VISIT";"2018-03-14 10:34:52 Europe/Budapest";localhost;::1;POST;/domains/go_extension_tool/main.php;"page request";"QUERY (1)";;::1;"Mozilla/5.0 (Macintosh; Intel Mac OS X 10_13_3) AppleWebKit/537.36 (KHTML, like Gecko) Chrome/65.0.3325.124 Safari/537.36";"Google Chrome";65.0.3325.124;mac;"hu,en;q=0.9,en-US;q=0.8";"/Users/Zoli/Google Drive/Sites/domains/go_extension_tool/main.php"
"PAGE VISIT";"2018-03-14 10:37:39 Europe/Budapest";localhost;::1;POST;/domains/go_extension_tool/main.php;"page request";"QUERY (1)";;::1;"Mozilla/5.0 (Macintosh; Intel Mac OS X 10_13_3) AppleWebKit/537.36 (KHTML, like Gecko) Chrome/65.0.3325.124 Safari/537.36";"Google Chrome";65.0.3325.124;mac;"hu,en;q=0.9,en-US;q=0.8";"/Users/Zoli/Google Drive/Sites/domains/go_extension_tool/main.php"
"PAGE VISIT";"2018-03-14 10:37:51 Europe/Budapest";localhost;::1;POST;/domains/go_extension_tool/main.php;"page request";"QUERY (1)";;::1;"Mozilla/5.0 (Macintosh; Intel Mac OS X 10_13_3) AppleWebKit/537.36 (KHTML, like Gecko) Chrome/65.0.3325.124 Safari/537.36";"Google Chrome";65.0.3325.124;mac;"hu,en;q=0.9,en-US;q=0.8";"/Users/Zoli/Google Drive/Sites/domains/go_extension_tool/main.php"
"PAGE VISIT";"2018-03-14 10:52:14 Europe/Budapest";localhost;::1;POST;/domains/go_extension_tool/main.php;"page request";"QUERY (1)";;::1;"Mozilla/5.0 (Macintosh; Intel Mac OS X 10_13_3) AppleWebKit/537.36 (KHTML, like Gecko) Chrome/65.0.3325.124 Safari/537.36";"Google Chrome";65.0.3325.124;mac;"hu,en;q=0.9,en-US;q=0.8";"/Users/Zoli/Google Drive/Sites/domains/go_extension_tool/main.php"
"PAGE VISIT";"2018-03-14 10:53:54 Europe/Budapest";localhost;::1;POST;/domains/go_extension_tool/main.php;"page request";"QUERY (1)";;::1;"Mozilla/5.0 (Macintosh; Intel Mac OS X 10_13_3) AppleWebKit/537.36 (KHTML, like Gecko) Chrome/65.0.3325.124 Safari/537.36";"Google Chrome";65.0.3325.124;mac;"hu,en;q=0.9,en-US;q=0.8";"/Users/Zoli/Google Drive/Sites/domains/go_extension_tool/main.php"
"PAGE VISIT";"2018-03-14 11:03:19 Europe/Budapest";localhost;::1;POST;/domains/go_extension_tool/main.php;"page request";"QUERY (1)";;::1;"Mozilla/5.0 (Macintosh; Intel Mac OS X 10_13_3) AppleWebKit/537.36 (KHTML, like Gecko) Chrome/65.0.3325.124 Safari/537.36";"Google Chrome";65.0.3325.124;mac;"hu,en;q=0.9,en-US;q=0.8";"/Users/Zoli/Google Drive/Sites/domains/go_extension_tool/main.php"
"PAGE VISIT";"2018-03-14 11:06:16 Europe/Budapest";localhost;::1;POST;/domains/go_extension_tool/main.php;"page request";"QUERY (1)";;::1;"Mozilla/5.0 (Macintosh; Intel Mac OS X 10_13_3) AppleWebKit/537.36 (KHTML, like Gecko) Chrome/65.0.3325.124 Safari/537.36";"Google Chrome";65.0.3325.124;mac;"hu,en;q=0.9,en-US;q=0.8";"/Users/Zoli/Google Drive/Sites/domains/go_extension_tool/main.php"
"PAGE VISIT";"2018-03-14 11:09:29 Europe/Budapest";localhost;::1;POST;/domains/go_extension_tool/main.php;"page request";"QUERY (1)";;::1;"Mozilla/5.0 (Macintosh; Intel Mac OS X 10_13_3) AppleWebKit/537.36 (KHTML, like Gecko) Chrome/65.0.3325.124 Safari/537.36";"Google Chrome";65.0.3325.124;mac;"hu,en;q=0.9,en-US;q=0.8";"/Users/Zoli/Google Drive/Sites/domains/go_extension_tool/main.php"
"PAGE VISIT";"2018-03-14 11:20:50 Europe/Budapest";localhost;::1;GET;/domains/go_extension_tool/main.php;"page request";"QUERY (1)";;::1;"Mozilla/5.0 (Macintosh; Intel Mac OS X 10_13_3) AppleWebKit/537.36 (KHTML, like Gecko) Chrome/65.0.3325.124 Safari/537.36";"Google Chrome";65.0.3325.124;mac;"hu,en;q=0.9,en-US;q=0.8";"/Users/Zoli/Google Drive/Sites/domains/go_extension_tool/main.php"
"PAGE VISIT";"2018-03-14 11:21:10 Europe/Budapest";localhost;::1;GET;/domains/go_extension_tool/main.php;"page request";"QUERY (1)";;::1;"Mozilla/5.0 (Macintosh; Intel Mac OS X 10_13_3) AppleWebKit/537.36 (KHTML, like Gecko) Chrome/65.0.3325.124 Safari/537.36";"Google Chrome";65.0.3325.124;mac;"hu,en;q=0.9,en-US;q=0.8";"/Users/Zoli/Google Drive/Sites/domains/go_extension_tool/main.php"
"PAGE VISIT";"2018-03-14 11:22:13 Europe/Budapest";localhost;::1;GET;/domains/go_extension_tool/main.php;"page request";"QUERY (1)";;::1;"Mozilla/5.0 (Macintosh; Intel Mac OS X 10_13_3) AppleWebKit/537.36 (KHTML, like Gecko) Chrome/65.0.3325.124 Safari/537.36";"Google Chrome";65.0.3325.124;mac;"hu,en;q=0.9,en-US;q=0.8";"/Users/Zoli/Google Drive/Sites/domains/go_extension_tool/main.php"
"PAGE VISIT";"2018-03-14 11:22:48 Europe/Budapest";localhost;::1;GET;/domains/go_extension_tool/main.php;"page request";"QUERY (1)";;::1;"Mozilla/5.0 (Macintosh; Intel Mac OS X 10_13_3) AppleWebKit/537.36 (KHTML, like Gecko) Chrome/65.0.3325.124 Safari/537.36";"Google Chrome";65.0.3325.124;mac;"hu,en;q=0.9,en-US;q=0.8";"/Users/Zoli/Google Drive/Sites/domains/go_extension_tool/main.php"
"PAGE VISIT";"2018-03-14 11:23:02 Europe/Budapest";localhost;::1;GET;/domains/go_extension_tool/main.php;"page request";"QUERY (1)";;::1;"Mozilla/5.0 (Macintosh; Intel Mac OS X 10_13_3) AppleWebKit/537.36 (KHTML, like Gecko) Chrome/65.0.3325.124 Safari/537.36";"Google Chrome";65.0.3325.124;mac;"hu,en;q=0.9,en-US;q=0.8";"/Users/Zoli/Google Drive/Sites/domains/go_extension_tool/main.php"
"PAGE VISIT";"2018-03-14 11:26:02 Europe/Budapest";localhost;::1;GET;/domains/go_extension_tool/main.php;"page request";"QUERY (1)";;::1;"Mozilla/5.0 (Macintosh; Intel Mac OS X 10_13_3) AppleWebKit/537.36 (KHTML, like Gecko) Chrome/65.0.3325.124 Safari/537.36";"Google Chrome";65.0.3325.124;mac;"hu,en;q=0.9,en-US;q=0.8";"/Users/Zoli/Google Drive/Sites/domains/go_extension_tool/main.php"
"PAGE VISIT";"2018-03-14 11:28:44 Europe/Budapest";localhost;::1;GET;/domains/go_extension_tool/main.php;"page request";"QUERY (1)";;::1;"Mozilla/5.0 (Macintosh; Intel Mac OS X 10_13_3) AppleWebKit/537.36 (KHTML, like Gecko) Chrome/65.0.3325.124 Safari/537.36";"Google Chrome";65.0.3325.124;mac;"hu,en;q=0.9,en-US;q=0.8";"/Users/Zoli/Google Drive/Sites/domains/go_extension_tool/main.php"
"PAGE VISIT";"2018-03-14 11:33:03 Europe/Budapest";localhost;::1;POST;/domains/go_extension_tool/main.php;"page request";"QUERY (1)";;::1;"Mozilla/5.0 (Macintosh; Intel Mac OS X 10_13_3) AppleWebKit/537.36 (KHTML, like Gecko) Chrome/65.0.3325.124 Safari/537.36";"Google Chrome";65.0.3325.124;mac;"hu,en;q=0.9,en-US;q=0.8";"/Users/Zoli/Google Drive/Sites/domains/go_extension_tool/main.php"
"PAGE VISIT";"2018-03-14 11:36:21 Europe/Budapest";localhost;::1;GET;/domains/go_extension_tool/main.php;"page request";"QUERY (1)";;::1;"Mozilla/5.0 (Macintosh; Intel Mac OS X 10_13_3) AppleWebKit/537.36 (KHTML, like Gecko) Chrome/65.0.3325.124 Safari/537.36";"Google Chrome";65.0.3325.124;mac;"hu,en;q=0.9,en-US;q=0.8";"/Users/Zoli/Google Drive/Sites/domains/go_extension_tool/main.php"
"PAGE VISIT";"2018-03-14 11:36:25 Europe/Budapest";localhost;::1;POST;/domains/go_extension_tool/main.php;"page request";"QUERY (1)";;::1;"Mozilla/5.0 (Macintosh; Intel Mac OS X 10_13_3) AppleWebKit/537.36 (KHTML, like Gecko) Chrome/65.0.3325.124 Safari/537.36";"Google Chrome";65.0.3325.124;mac;"hu,en;q=0.9,en-US;q=0.8";"/Users/Zoli/Google Drive/Sites/domains/go_extension_tool/main.php"
"PAGE VISIT";"2018-03-14 11:46:10 Europe/Budapest";localhost;::1;GET;/domains/go_extension_tool/main.php;"page request";"QUERY (1)";;::1;"Mozilla/5.0 (Macintosh; Intel Mac OS X 10_13_3) AppleWebKit/537.36 (KHTML, like Gecko) Chrome/65.0.3325.124 Safari/537.36";"Google Chrome";65.0.3325.124;mac;"hu,en;q=0.9,en-US;q=0.8";"/Users/Zoli/Google Drive/Sites/domains/go_extension_tool/main.php"
"PAGE VISIT";"2018-03-14 11:46:23 Europe/Budapest";localhost;::1;POST;/domains/go_extension_tool/main.php;"page request";"QUERY (1)";;::1;"Mozilla/5.0 (Macintosh; Intel Mac OS X 10_13_3) AppleWebKit/537.36 (KHTML, like Gecko) Chrome/65.0.3325.124 Safari/537.36";"Google Chrome";65.0.3325.124;mac;"hu,en;q=0.9,en-US;q=0.8";"/Users/Zoli/Google Drive/Sites/domains/go_extension_tool/main.php"
"PAGE VISIT";"2018-03-14 11:51:25 Europe/Budapest";localhost;::1;POST;/domains/go_extension_tool/main.php;"page request";"QUERY (1)";;::1;"Mozilla/5.0 (Macintosh; Intel Mac OS X 10_13_3) AppleWebKit/537.36 (KHTML, like Gecko) Chrome/65.0.3325.124 Safari/537.36";"Google Chrome";65.0.3325.124;mac;"hu,en;q=0.9,en-US;q=0.8";"/Users/Zoli/Google Drive/Sites/domains/go_extension_tool/main.php"
"PAGE VISIT";"2018-03-14 11:57:47 Europe/Budapest";localhost;::1;GET;/domains/go_extension_tool/main.php;"page request";"QUERY (1)";;::1;"Mozilla/5.0 (Macintosh; Intel Mac OS X 10_13_3) AppleWebKit/537.36 (KHTML, like Gecko) Chrome/65.0.3325.124 Safari/537.36";"Google Chrome";65.0.3325.124;mac;"hu,en;q=0.9,en-US;q=0.8";"/Users/Zoli/Google Drive/Sites/domains/go_extension_tool/main.php"
"PAGE VISIT";"2018-03-14 11:57:52 Europe/Budapest";localhost;::1;POST;/domains/go_extension_tool/main.php;"page request";"QUERY (1)";;::1;"Mozilla/5.0 (Macintosh; Intel Mac OS X 10_13_3) AppleWebKit/537.36 (KHTML, like Gecko) Chrome/65.0.3325.124 Safari/537.36";"Google Chrome";65.0.3325.124;mac;"hu,en;q=0.9,en-US;q=0.8";"/Users/Zoli/Google Drive/Sites/domains/go_extension_tool/main.php"
"PAGE VISIT";"2018-03-14 11:58:47 Europe/Budapest";localhost;::1;POST;/domains/go_extension_tool/main.php;"page request";"QUERY (1)";;::1;"Mozilla/5.0 (Macintosh; Intel Mac OS X 10_13_3) AppleWebKit/537.36 (KHTML, like Gecko) Chrome/65.0.3325.124 Safari/537.36";"Google Chrome";65.0.3325.124;mac;"hu,en;q=0.9,en-US;q=0.8";"/Users/Zoli/Google Drive/Sites/domains/go_extension_tool/main.php"
"PAGE VISIT";"2018-03-14 12:02:53 Europe/Budapest";localhost;::1;POST;/domains/go_extension_tool/main.php;"page request";"QUERY (1)";;::1;"Mozilla/5.0 (Macintosh; Intel Mac OS X 10_13_3) AppleWebKit/537.36 (KHTML, like Gecko) Chrome/65.0.3325.124 Safari/537.36";"Google Chrome";65.0.3325.124;mac;"hu,en;q=0.9,en-US;q=0.8";"/Users/Zoli/Google Drive/Sites/domains/go_extension_tool/main.php"
"PAGE VISIT";"2018-03-14 12:09:06 Europe/Budapest";localhost;::1;POST;/domains/go_extension_tool/main.php;"page request";"QUERY (1)";;::1;"Mozilla/5.0 (Macintosh; Intel Mac OS X 10_13_3) AppleWebKit/537.36 (KHTML, like Gecko) Chrome/65.0.3325.124 Safari/537.36";"Google Chrome";65.0.3325.124;mac;"hu,en;q=0.9,en-US;q=0.8";"/Users/Zoli/Google Drive/Sites/domains/go_extension_tool/main.php"
"PAGE VISIT";"2018-03-14 12:09:54 Europe/Budapest";localhost;::1;POST;/domains/go_extension_tool/main.php;"page request";"QUERY (1)";;::1;"Mozilla/5.0 (Macintosh; Intel Mac OS X 10_13_3) AppleWebKit/537.36 (KHTML, like Gecko) Chrome/65.0.3325.124 Safari/537.36";"Google Chrome";65.0.3325.124;mac;"hu,en;q=0.9,en-US;q=0.8";"/Users/Zoli/Google Drive/Sites/domains/go_extension_tool/main.php"
"PAGE VISIT";"2018-03-14 12:19:36 Europe/Budapest";localhost;::1;POST;/domains/go_extension_tool/main.php;"page request";"QUERY (1)";;::1;"Mozilla/5.0 (Macintosh; Intel Mac OS X 10_13_3) AppleWebKit/537.36 (KHTML, like Gecko) Chrome/65.0.3325.124 Safari/537.36";"Google Chrome";65.0.3325.124;mac;"hu,en;q=0.9,en-US;q=0.8";"/Users/Zoli/Google Drive/Sites/domains/go_extension_tool/main.php"
"PAGE VISIT";"2018-03-14 12:25:53 Europe/Budapest";localhost;::1;POST;/domains/go_extension_tool/main.php;"page request";"QUERY (1)";;::1;"Mozilla/5.0 (Macintosh; Intel Mac OS X 10_13_3) AppleWebKit/537.36 (KHTML, like Gecko) Chrome/65.0.3325.124 Safari/537.36";"Google Chrome";65.0.3325.124;mac;"hu,en;q=0.9,en-US;q=0.8";"/Users/Zoli/Google Drive/Sites/domains/go_extension_tool/main.php"
"PAGE VISIT";"2018-03-14 12:58:09 Europe/Budapest";localhost;::1;POST;/domains/go_extension_tool/main.php;"page request";"QUERY (1)";;::1;"Mozilla/5.0 (Macintosh; Intel Mac OS X 10_13_3) AppleWebKit/537.36 (KHTML, like Gecko) Chrome/65.0.3325.124 Safari/537.36";"Google Chrome";65.0.3325.124;mac;"hu,en;q=0.9,en-US;q=0.8";"/Users/Zoli/Google Drive/Sites/domains/go_extension_tool/main.php"
"PAGE VISIT";"2018-03-14 13:02:02 Europe/Budapest";localhost;::1;POST;/domains/go_extension_tool/main.php;"page request";"QUERY (1)";;::1;"Mozilla/5.0 (Macintosh; Intel Mac OS X 10_13_3) AppleWebKit/537.36 (KHTML, like Gecko) Chrome/65.0.3325.124 Safari/537.36";"Google Chrome";65.0.3325.124;mac;"hu,en;q=0.9,en-US;q=0.8";"/Users/Zoli/Google Drive/Sites/domains/go_extension_tool/main.php"
"PAGE VISIT";"2018-03-14 13:09:56 Europe/Budapest";localhost;::1;POST;/domains/go_extension_tool/main.php;"page request";"QUERY (1)";;::1;"Mozilla/5.0 (Macintosh; Intel Mac OS X 10_13_3) AppleWebKit/537.36 (KHTML, like Gecko) Chrome/65.0.3325.124 Safari/537.36";"Google Chrome";65.0.3325.124;mac;"hu,en;q=0.9,en-US;q=0.8";"/Users/Zoli/Google Drive/Sites/domains/go_extension_tool/main.php"
"PAGE VISIT";"2018-03-14 13:14:02 Europe/Budapest";localhost;::1;POST;/domains/go_extension_tool/main.php;"page request";"QUERY (1)";;::1;"Mozilla/5.0 (Macintosh; Intel Mac OS X 10_13_3) AppleWebKit/537.36 (KHTML, like Gecko) Chrome/65.0.3325.124 Safari/537.36";"Google Chrome";65.0.3325.124;mac;"hu,en;q=0.9,en-US;q=0.8";"/Users/Zoli/Google Drive/Sites/domains/go_extension_tool/main.php"
"PAGE VISIT";"2018-03-14 13:16:43 Europe/Budapest";localhost;::1;POST;/domains/go_extension_tool/main.php;"page request";"QUERY (1)";;::1;"Mozilla/5.0 (Macintosh; Intel Mac OS X 10_13_3) AppleWebKit/537.36 (KHTML, like Gecko) Chrome/65.0.3325.124 Safari/537.36";"Google Chrome";65.0.3325.124;mac;"hu,en;q=0.9,en-US;q=0.8";"/Users/Zoli/Google Drive/Sites/domains/go_extension_tool/main.php"
"PAGE VISIT";"2018-03-15 07:07:06 Europe/Budapest";localhost;::1;GET;/domains/go_extension_tool/main.php;"page request";"QUERY (1)";;::1;"Mozilla/5.0 (Macintosh; Intel Mac OS X 10_13_3) AppleWebKit/537.36 (KHTML, like Gecko) Chrome/65.0.3325.124 Safari/537.36";"Google Chrome";65.0.3325.124;mac;"hu,en;q=0.9,en-US;q=0.8";"/Users/Zoli/Google Drive/Sites/domains/go_extension_tool/main.php"
"PAGE VISIT";"2018-03-15 07:14:15 Europe/Budapest";localhost;::1;GET;/domains/go_extension_tool/main.php;"page request";"QUERY (1)";;::1;"Mozilla/5.0 (Macintosh; Intel Mac OS X 10_13_3) AppleWebKit/537.36 (KHTML, like Gecko) Chrome/65.0.3325.124 Safari/537.36";"Google Chrome";65.0.3325.124;mac;"hu,en;q=0.9,en-US;q=0.8";"/Users/Zoli/Google Drive/Sites/domains/go_extension_tool/main.php"
"PAGE VISIT";"2018-03-15 07:14:49 Europe/Budapest";localhost;::1;GET;/domains/go_extension_tool/main.php;"page request";"QUERY (1)";;::1;"Mozilla/5.0 (Macintosh; Intel Mac OS X 10_13_3) AppleWebKit/537.36 (KHTML, like Gecko) Chrome/65.0.3325.124 Safari/537.36";"Google Chrome";65.0.3325.124;mac;"hu,en;q=0.9,en-US;q=0.8";"/Users/Zoli/Google Drive/Sites/domains/go_extension_tool/main.php"
"PAGE VISIT";"2018-03-15 07:15:09 Europe/Budapest";localhost;::1;POST;/domains/go_extension_tool/main.php;"page request";"QUERY (1)";;::1;"Mozilla/5.0 (Macintosh; Intel Mac OS X 10_13_3) AppleWebKit/537.36 (KHTML, like Gecko) Chrome/65.0.3325.124 Safari/537.36";"Google Chrome";65.0.3325.124;mac;"hu,en;q=0.9,en-US;q=0.8";"/Users/Zoli/Google Drive/Sites/domains/go_extension_tool/main.php"
"PAGE VISIT";"2018-03-15 07:16:05 Europe/Budapest";localhost;::1;GET;/domains/go_extension_tool/main.php;"page request";"QUERY (1)";;::1;"Mozilla/5.0 (Macintosh; Intel Mac OS X 10_13_3) AppleWebKit/537.36 (KHTML, like Gecko) Chrome/65.0.3325.124 Safari/537.36";"Google Chrome";65.0.3325.124;mac;"hu,en;q=0.9,en-US;q=0.8";"/Users/Zoli/Google Drive/Sites/domains/go_extension_tool/main.php"
"PAGE VISIT";"2018-03-15 07:16:09 Europe/Budapest";localhost;::1;POST;/domains/go_extension_tool/main.php;"page request";"QUERY (1)";;::1;"Mozilla/5.0 (Macintosh; Intel Mac OS X 10_13_3) AppleWebKit/537.36 (KHTML, like Gecko) Chrome/65.0.3325.124 Safari/537.36";"Google Chrome";65.0.3325.124;mac;"hu,en;q=0.9,en-US;q=0.8";"/Users/Zoli/Google Drive/Sites/domains/go_extension_tool/main.php"
"PAGE VISIT";"2018-03-15 07:17:48 Europe/Budapest";localhost;::1;POST;/domains/go_extension_tool/main.php;"page request";"QUERY (1)";;::1;"Mozilla/5.0 (Macintosh; Intel Mac OS X 10_13_3) AppleWebKit/537.36 (KHTML, like Gecko) Chrome/65.0.3325.124 Safari/537.36";"Google Chrome";65.0.3325.124;mac;"hu,en;q=0.9,en-US;q=0.8";"/Users/Zoli/Google Drive/Sites/domains/go_extension_tool/main.php"
"PAGE VISIT";"2018-03-15 07:19:32 Europe/Budapest";localhost;::1;POST;/domains/go_extension_tool/main.php;"page request";"QUERY (1)";;::1;"Mozilla/5.0 (Macintosh; Intel Mac OS X 10_13_3) AppleWebKit/537.36 (KHTML, like Gecko) Chrome/65.0.3325.124 Safari/537.36";"Google Chrome";65.0.3325.124;mac;"hu,en;q=0.9,en-US;q=0.8";"/Users/Zoli/Google Drive/Sites/domains/go_extension_tool/main.php"
"PAGE VISIT";"2018-03-15 07:22:19 Europe/Budapest";localhost;::1;POST;/domains/go_extension_tool/main.php;"page request";"QUERY (1)";;::1;"Mozilla/5.0 (Macintosh; Intel Mac OS X 10_13_3) AppleWebKit/537.36 (KHTML, like Gecko) Chrome/65.0.3325.124 Safari/537.36";"Google Chrome";65.0.3325.124;mac;"hu,en;q=0.9,en-US;q=0.8";"/Users/Zoli/Google Drive/Sites/domains/go_extension_tool/main.php"
"PAGE VISIT";"2018-03-15 07:23:36 Europe/Budapest";localhost;::1;POST;/domains/go_extension_tool/main.php;"page request";"QUERY (1)";;::1;"Mozilla/5.0 (Macintosh; Intel Mac OS X 10_13_3) AppleWebKit/537.36 (KHTML, like Gecko) Chrome/65.0.3325.124 Safari/537.36";"Google Chrome";65.0.3325.124;mac;"hu,en;q=0.9,en-US;q=0.8";"/Users/Zoli/Google Drive/Sites/domains/go_extension_tool/main.php"
"PAGE VISIT";"2018-03-15 07:27:19 Europe/Budapest";localhost;::1;POST;/domains/go_extension_tool/main.php;"page request";"QUERY (1)";;::1;"Mozilla/5.0 (Macintosh; Intel Mac OS X 10_13_3) AppleWebKit/537.36 (KHTML, like Gecko) Chrome/65.0.3325.124 Safari/537.36";"Google Chrome";65.0.3325.124;mac;"hu,en;q=0.9,en-US;q=0.8";"/Users/Zoli/Google Drive/Sites/domains/go_extension_tool/main.php"
"PAGE VISIT";"2018-03-15 07:29:11 Europe/Budapest";localhost;::1;POST;/domains/go_extension_tool/main.php;"page request";"QUERY (1)";;::1;"Mozilla/5.0 (Macintosh; Intel Mac OS X 10_13_3) AppleWebKit/537.36 (KHTML, like Gecko) Chrome/65.0.3325.124 Safari/537.36";"Google Chrome";65.0.3325.124;mac;"hu,en;q=0.9,en-US;q=0.8";"/Users/Zoli/Google Drive/Sites/domains/go_extension_tool/main.php"
"PAGE VISIT";"2018-03-15 07:30:14 Europe/Budapest";localhost;::1;POST;/domains/go_extension_tool/main.php;"page request";"QUERY (1)";;::1;"Mozilla/5.0 (Macintosh; Intel Mac OS X 10_13_3) AppleWebKit/537.36 (KHTML, like Gecko) Chrome/65.0.3325.124 Safari/537.36";"Google Chrome";65.0.3325.124;mac;"hu,en;q=0.9,en-US;q=0.8";"/Users/Zoli/Google Drive/Sites/domains/go_extension_tool/main.php"
"PAGE VISIT";"2018-03-15 07:31:31 Europe/Budapest";localhost;::1;POST;/domains/go_extension_tool/main.php;"page request";"QUERY (1)";;::1;"Mozilla/5.0 (Macintosh; Intel Mac OS X 10_13_3) AppleWebKit/537.36 (KHTML, like Gecko) Chrome/65.0.3325.124 Safari/537.36";"Google Chrome";65.0.3325.124;mac;"hu,en;q=0.9,en-US;q=0.8";"/Users/Zoli/Google Drive/Sites/domains/go_extension_tool/main.php"
"PAGE VISIT";"2018-03-15 07:34:17 Europe/Budapest";localhost;::1;POST;/domains/go_extension_tool/main.php;"page request";"QUERY (1)";;::1;"Mozilla/5.0 (Macintosh; Intel Mac OS X 10_13_3) AppleWebKit/537.36 (KHTML, like Gecko) Chrome/65.0.3325.124 Safari/537.36";"Google Chrome";65.0.3325.124;mac;"hu,en;q=0.9,en-US;q=0.8";"/Users/Zoli/Google Drive/Sites/domains/go_extension_tool/main.php"
"PAGE VISIT";"2018-03-15 07:35:18 Europe/Budapest";localhost;::1;POST;/domains/go_extension_tool/main.php;"page request";"QUERY (1)";;::1;"Mozilla/5.0 (Macintosh; Intel Mac OS X 10_13_3) AppleWebKit/537.36 (KHTML, like Gecko) Chrome/65.0.3325.124 Safari/537.36";"Google Chrome";65.0.3325.124;mac;"hu,en;q=0.9,en-US;q=0.8";"/Users/Zoli/Google Drive/Sites/domains/go_extension_tool/main.php"
"PAGE VISIT";"2018-03-15 07:36:13 Europe/Budapest";localhost;::1;POST;/domains/go_extension_tool/main.php;"page request";"QUERY (1)";;::1;"Mozilla/5.0 (Macintosh; Intel Mac OS X 10_13_3) AppleWebKit/537.36 (KHTML, like Gecko) Chrome/65.0.3325.124 Safari/537.36";"Google Chrome";65.0.3325.124;mac;"hu,en;q=0.9,en-US;q=0.8";"/Users/Zoli/Google Drive/Sites/domains/go_extension_tool/main.php"
"PAGE VISIT";"2018-03-15 07:37:34 Europe/Budapest";localhost;::1;GET;/domains/go_extension_tool/main.php;"page request";"QUERY (1)";;::1;"Mozilla/5.0 (Macintosh; Intel Mac OS X 10_13_3) AppleWebKit/537.36 (KHTML, like Gecko) Chrome/65.0.3325.124 Safari/537.36";"Google Chrome";65.0.3325.124;mac;"hu,en;q=0.9,en-US;q=0.8";"/Users/Zoli/Google Drive/Sites/domains/go_extension_tool/main.php"
"PAGE VISIT";"2018-03-15 07:37:41 Europe/Budapest";localhost;::1;POST;/domains/go_extension_tool/main.php;"page request";"QUERY (1)";;::1;"Mozilla/5.0 (Macintosh; Intel Mac OS X 10_13_3) AppleWebKit/537.36 (KHTML, like Gecko) Chrome/65.0.3325.124 Safari/537.36";"Google Chrome";65.0.3325.124;mac;"hu,en;q=0.9,en-US;q=0.8";"/Users/Zoli/Google Drive/Sites/domains/go_extension_tool/main.php"
"PAGE VISIT";"2018-03-15 07:45:53 Europe/Budapest";localhost;::1;POST;/domains/go_extension_tool/main.php;"page request";"QUERY (1)";;::1;"Mozilla/5.0 (Macintosh; Intel Mac OS X 10_13_3) AppleWebKit/537.36 (KHTML, like Gecko) Chrome/65.0.3325.124 Safari/537.36";"Google Chrome";65.0.3325.124;mac;"hu,en;q=0.9,en-US;q=0.8";"/Users/Zoli/Google Drive/Sites/domains/go_extension_tool/main.php"
"PAGE VISIT";"2018-03-15 08:43:38 Europe/Budapest";localhost;::1;POST;/domains/go_extension_tool/main.php;"page request";"QUERY (1)";;::1;"Mozilla/5.0 (Macintosh; Intel Mac OS X 10_13_3) AppleWebKit/537.36 (KHTML, like Gecko) Chrome/65.0.3325.124 Safari/537.36";"Google Chrome";65.0.3325.124;mac;"hu,en;q=0.9,en-US;q=0.8";"/Users/Zoli/Google Drive/Sites/domains/go_extension_tool/main.php"
"PAGE VISIT";"2018-03-15 08:47:01 Europe/Budapest";localhost;::1;GET;/domains/go_extension_tool/main.php;"page request";"QUERY (1)";;::1;"Mozilla/5.0 (Macintosh; Intel Mac OS X 10_13_3) AppleWebKit/537.36 (KHTML, like Gecko) Chrome/65.0.3325.124 Safari/537.36";"Google Chrome";65.0.3325.124;mac;"hu,en;q=0.9,en-US;q=0.8";"/Users/Zoli/Google Drive/Sites/domains/go_extension_tool/main.php"
"PAGE VISIT";"2018-03-15 08:49:20 Europe/Budapest";localhost;::1;POST;/domains/go_extension_tool/main.php;"page request";"QUERY (1)";;::1;"Mozilla/5.0 (Macintosh; Intel Mac OS X 10_13_3) AppleWebKit/537.36 (KHTML, like Gecko) Chrome/65.0.3325.124 Safari/537.36";"Google Chrome";65.0.3325.124;mac;"hu,en;q=0.9,en-US;q=0.8";"/Users/Zoli/Google Drive/Sites/domains/go_extension_tool/main.php"
"PAGE VISIT";"2018-03-15 08:52:33 Europe/Budapest";localhost;::1;GET;/domains/go_extension_tool/main.php;"page request";"QUERY (1)";;::1;"Mozilla/5.0 (Macintosh; Intel Mac OS X 10_13_3) AppleWebKit/537.36 (KHTML, like Gecko) Chrome/65.0.3325.124 Safari/537.36";"Google Chrome";65.0.3325.124;mac;"hu,en;q=0.9,en-US;q=0.8";"/Users/Zoli/Google Drive/Sites/domains/go_extension_tool/main.php"
"PAGE VISIT";"2018-03-15 08:53:12 Europe/Budapest";localhost;::1;POST;/domains/go_extension_tool/main.php;"page request";"QUERY (1)";;::1;"Mozilla/5.0 (Macintosh; Intel Mac OS X 10_13_3) AppleWebKit/537.36 (KHTML, like Gecko) Chrome/65.0.3325.124 Safari/537.36";"Google Chrome";65.0.3325.124;mac;"hu,en;q=0.9,en-US;q=0.8";"/Users/Zoli/Google Drive/Sites/domains/go_extension_tool/main.php"
"PAGE VISIT";"2018-03-15 09:21:35 Europe/Budapest";localhost;::1;POST;/domains/go_extension_tool/main.php;"page request";"QUERY (1)";;::1;"Mozilla/5.0 (Macintosh; Intel Mac OS X 10_13_3) AppleWebKit/537.36 (KHTML, like Gecko) Chrome/65.0.3325.124 Safari/537.36";"Google Chrome";65.0.3325.124;mac;"hu,en;q=0.9,en-US;q=0.8";"/Users/Zoli/Google Drive/Sites/domains/go_extension_tool/main.php"
"PAGE VISIT";"2018-03-15 09:35:30 Europe/Budapest";localhost;::1;POST;/domains/go_extension_tool/main.php;"page request";"QUERY (1)";;::1;"Mozilla/5.0 (Macintosh; Intel Mac OS X 10_13_3) AppleWebKit/537.36 (KHTML, like Gecko) Chrome/65.0.3325.124 Safari/537.36";"Google Chrome";65.0.3325.124;mac;"hu,en;q=0.9,en-US;q=0.8";"/Users/Zoli/Google Drive/Sites/domains/go_extension_tool/main.php"
"PAGE VISIT";"2018-03-15 09:52:24 Europe/Budapest";localhost;::1;POST;/domains/go_extension_tool/main.php;"page request";"QUERY (1)";;::1;"Mozilla/5.0 (Macintosh; Intel Mac OS X 10_13_3) AppleWebKit/537.36 (KHTML, like Gecko) Chrome/65.0.3325.124 Safari/537.36";"Google Chrome";65.0.3325.124;mac;"hu,en;q=0.9,en-US;q=0.8";"/Users/Zoli/Google Drive/Sites/domains/go_extension_tool/main.php"
"PAGE VISIT";"2018-03-15 10:00:08 Europe/Budapest";localhost;::1;POST;/domains/go_extension_tool/main.php;"page request";"QUERY (1)";;::1;"Mozilla/5.0 (Macintosh; Intel Mac OS X 10_13_3) AppleWebKit/537.36 (KHTML, like Gecko) Chrome/65.0.3325.124 Safari/537.36";"Google Chrome";65.0.3325.124;mac;"hu,en;q=0.9,en-US;q=0.8";"/Users/Zoli/Google Drive/Sites/domains/go_extension_tool/main.php"
"PAGE VISIT";"2018-03-15 10:16:38 Europe/Budapest";localhost;::1;POST;/domains/go_extension_tool/main.php;"page request";"QUERY (1)";;::1;"Mozilla/5.0 (Macintosh; Intel Mac OS X 10_13_3) AppleWebKit/537.36 (KHTML, like Gecko) Chrome/65.0.3325.124 Safari/537.36";"Google Chrome";65.0.3325.124;mac;"hu,en;q=0.9,en-US;q=0.8";"/Users/Zoli/Google Drive/Sites/domains/go_extension_tool/main.php"
"PAGE VISIT";"2018-03-15 10:20:14 Europe/Budapest";localhost;::1;POST;/domains/go_extension_tool/main.php;"page request";"QUERY (1)";;::1;"Mozilla/5.0 (Macintosh; Intel Mac OS X 10_13_3) AppleWebKit/537.36 (KHTML, like Gecko) Chrome/65.0.3325.124 Safari/537.36";"Google Chrome";65.0.3325.124;mac;"hu,en;q=0.9,en-US;q=0.8";"/Users/Zoli/Google Drive/Sites/domains/go_extension_tool/main.php"
"PAGE VISIT";"2018-03-15 10:35:31 Europe/Budapest";localhost;::1;POST;/domains/go_extension_tool/main.php;"page request";"QUERY (1)";;::1;"Mozilla/5.0 (Macintosh; Intel Mac OS X 10_13_3) AppleWebKit/537.36 (KHTML, like Gecko) Chrome/65.0.3325.124 Safari/537.36";"Google Chrome";65.0.3325.124;mac;"hu,en;q=0.9,en-US;q=0.8";"/Users/Zoli/Google Drive/Sites/domains/go_extension_tool/main.php"
"PAGE VISIT";"2018-03-15 10:39:25 Europe/Budapest";localhost;::1;POST;/domains/go_extension_tool/main.php;"page request";"QUERY (1)";;::1;"Mozilla/5.0 (Macintosh; Intel Mac OS X 10_13_3) AppleWebKit/537.36 (KHTML, like Gecko) Chrome/65.0.3325.124 Safari/537.36";"Google Chrome";65.0.3325.124;mac;"hu,en;q=0.9,en-US;q=0.8";"/Users/Zoli/Google Drive/Sites/domains/go_extension_tool/main.php"
"PAGE VISIT";"2018-03-15 10:58:40 Europe/Budapest";localhost;::1;POST;/domains/go_extension_tool/main.php;"page request";"QUERY (1)";;::1;"Mozilla/5.0 (Macintosh; Intel Mac OS X 10_13_3) AppleWebKit/537.36 (KHTML, like Gecko) Chrome/65.0.3325.124 Safari/537.36";"Google Chrome";65.0.3325.124;mac;"hu,en;q=0.9,en-US;q=0.8";"/Users/Zoli/Google Drive/Sites/domains/go_extension_tool/main.php"
"PAGE VISIT";"2018-03-15 11:01:30 Europe/Budapest";localhost;::1;POST;/domains/go_extension_tool/main.php;"page request";"QUERY (1)";;::1;"Mozilla/5.0 (Macintosh; Intel Mac OS X 10_13_3) AppleWebKit/537.36 (KHTML, like Gecko) Chrome/65.0.3325.124 Safari/537.36";"Google Chrome";65.0.3325.124;mac;"hu,en;q=0.9,en-US;q=0.8";"/Users/Zoli/Google Drive/Sites/domains/go_extension_tool/main.php"
"PAGE VISIT";"2018-03-15 11:13:25 Europe/Budapest";localhost;::1;POST;/domains/go_extension_tool/main.php;"page request";"QUERY (1)";;::1;"Mozilla/5.0 (Macintosh; Intel Mac OS X 10_13_3) AppleWebKit/537.36 (KHTML, like Gecko) Chrome/65.0.3325.124 Safari/537.36";"Google Chrome";65.0.3325.124;mac;"hu,en;q=0.9,en-US;q=0.8";"/Users/Zoli/Google Drive/Sites/domains/go_extension_tool/main.php"
"PAGE VISIT";"2018-03-15 11:20:31 Europe/Budapest";localhost;::1;GET;/domains/go_extension_tool/main.php;"page request";"QUERY (1)";;::1;"Mozilla/5.0 (Macintosh; Intel Mac OS X 10_13_3) AppleWebKit/537.36 (KHTML, like Gecko) Chrome/65.0.3325.124 Safari/537.36";"Google Chrome";65.0.3325.124;mac;"hu,en;q=0.9,en-US;q=0.8";"/Users/Zoli/Google Drive/Sites/domains/go_extension_tool/main.php"
"PAGE VISIT";"2018-03-15 11:20:32 Europe/Budapest";localhost;::1;GET;/domains/go_extension_tool/main.php;"page request";"QUERY (1)";;::1;"Mozilla/5.0 (Macintosh; Intel Mac OS X 10_13_3) AppleWebKit/537.36 (KHTML, like Gecko) Chrome/65.0.3325.124 Safari/537.36";"Google Chrome";65.0.3325.124;mac;"hu,en;q=0.9,en-US;q=0.8";"/Users/Zoli/Google Drive/Sites/domains/go_extension_tool/main.php"
"PAGE VISIT";"2018-03-15 11:20:33 Europe/Budapest";localhost;::1;GET;/domains/go_extension_tool/main.php;"page request";"QUERY (1)";;::1;"Mozilla/5.0 (Macintosh; Intel Mac OS X 10_13_3) AppleWebKit/537.36 (KHTML, like Gecko) Chrome/65.0.3325.124 Safari/537.36";"Google Chrome";65.0.3325.124;mac;"hu,en;q=0.9,en-US;q=0.8";"/Users/Zoli/Google Drive/Sites/domains/go_extension_tool/main.php"
"PAGE VISIT";"2018-03-15 11:20:49 Europe/Budapest";localhost;::1;GET;/domains/go_extension_tool/main.php;"page request";"QUERY (1)";;::1;"Mozilla/5.0 (Macintosh; Intel Mac OS X 10_13_3) AppleWebKit/537.36 (KHTML, like Gecko) Chrome/65.0.3325.124 Safari/537.36";"Google Chrome";65.0.3325.124;mac;"hu,en;q=0.9,en-US;q=0.8";"/Users/Zoli/Google Drive/Sites/domains/go_extension_tool/main.php"
"PAGE VISIT";"2018-03-15 11:20:51 Europe/Budapest";localhost;::1;GET;/domains/go_extension_tool/main.php;"page request";"QUERY (1)";;::1;"Mozilla/5.0 (Macintosh; Intel Mac OS X 10_13_3) AppleWebKit/537.36 (KHTML, like Gecko) Chrome/65.0.3325.124 Safari/537.36";"Google Chrome";65.0.3325.124;mac;"hu,en;q=0.9,en-US;q=0.8";"/Users/Zoli/Google Drive/Sites/domains/go_extension_tool/main.php"
"PAGE VISIT";"2018-03-15 11:21:09 Europe/Budapest";localhost;::1;GET;/domains/go_extension_tool/main.php;"page request";"QUERY (1)";;::1;"Mozilla/5.0 (Macintosh; Intel Mac OS X 10_13_3) AppleWebKit/537.36 (KHTML, like Gecko) Chrome/65.0.3325.124 Safari/537.36";"Google Chrome";65.0.3325.124;mac;"hu,en;q=0.9,en-US;q=0.8";"/Users/Zoli/Google Drive/Sites/domains/go_extension_tool/main.php"
"PAGE VISIT";"2018-03-15 11:23:37 Europe/Budapest";localhost;::1;POST;/domains/go_extension_tool/main.php;"page request";"QUERY (1)";;::1;"Mozilla/5.0 (Macintosh; Intel Mac OS X 10_13_3) AppleWebKit/537.36 (KHTML, like Gecko) Chrome/65.0.3325.124 Safari/537.36";"Google Chrome";65.0.3325.124;mac;"hu,en;q=0.9,en-US;q=0.8";"/Users/Zoli/Google Drive/Sites/domains/go_extension_tool/main.php"
"PAGE VISIT";"2018-03-15 11:25:02 Europe/Budapest";localhost;::1;POST;/domains/go_extension_tool/main.php;"page request";"QUERY (1)";;::1;"Mozilla/5.0 (Macintosh; Intel Mac OS X 10_13_3) AppleWebKit/537.36 (KHTML, like Gecko) Chrome/65.0.3325.124 Safari/537.36";"Google Chrome";65.0.3325.124;mac;"hu,en;q=0.9,en-US;q=0.8";"/Users/Zoli/Google Drive/Sites/domains/go_extension_tool/main.php"
"PAGE VISIT";"2018-03-15 11:27:19 Europe/Budapest";localhost;::1;POST;/domains/go_extension_tool/main.php;"page request";"QUERY (1)";;::1;"Mozilla/5.0 (Macintosh; Intel Mac OS X 10_13_3) AppleWebKit/537.36 (KHTML, like Gecko) Chrome/65.0.3325.124 Safari/537.36";"Google Chrome";65.0.3325.124;mac;"hu,en;q=0.9,en-US;q=0.8";"/Users/Zoli/Google Drive/Sites/domains/go_extension_tool/main.php"
"PAGE VISIT";"2018-03-15 11:29:52 Europe/Budapest";localhost;::1;POST;/domains/go_extension_tool/main.php;"page request";"QUERY (1)";;::1;"Mozilla/5.0 (Macintosh; Intel Mac OS X 10_13_3) AppleWebKit/537.36 (KHTML, like Gecko) Chrome/65.0.3325.124 Safari/537.36";"Google Chrome";65.0.3325.124;mac;"hu,en;q=0.9,en-US;q=0.8";"/Users/Zoli/Google Drive/Sites/domains/go_extension_tool/main.php"
"PAGE VISIT";"2018-03-15 11:30:13 Europe/Budapest";localhost;::1;GET;/domains/go_extension_tool/main.php;"page request";"QUERY (1)";;::1;"Mozilla/5.0 (Macintosh; Intel Mac OS X 10_13_3) AppleWebKit/537.36 (KHTML, like Gecko) Chrome/65.0.3325.124 Safari/537.36";"Google Chrome";65.0.3325.124;mac;"hu,en;q=0.9,en-US;q=0.8";"/Users/Zoli/Google Drive/Sites/domains/go_extension_tool/main.php"
"PAGE VISIT";"2018-03-15 11:30:23 Europe/Budapest";localhost;::1;POST;/domains/go_extension_tool/main.php;"page request";"QUERY (1)";;::1;"Mozilla/5.0 (Macintosh; Intel Mac OS X 10_13_3) AppleWebKit/537.36 (KHTML, like Gecko) Chrome/65.0.3325.124 Safari/537.36";"Google Chrome";65.0.3325.124;mac;"hu,en;q=0.9,en-US;q=0.8";"/Users/Zoli/Google Drive/Sites/domains/go_extension_tool/main.php"
"PAGE VISIT";"2018-03-15 11:30:29 Europe/Budapest";localhost;::1;GET;/domains/go_extension_tool/main.php;"page request";"QUERY (1)";;::1;"Mozilla/5.0 (Macintosh; Intel Mac OS X 10_13_3) AppleWebKit/537.36 (KHTML, like Gecko) Chrome/65.0.3325.124 Safari/537.36";"Google Chrome";65.0.3325.124;mac;"hu,en;q=0.9,en-US;q=0.8";"/Users/Zoli/Google Drive/Sites/domains/go_extension_tool/main.php"
"PAGE VISIT";"2018-03-15 11:30:39 Europe/Budapest";localhost;::1;POST;/domains/go_extension_tool/main.php;"page request";"QUERY (1)";;::1;"Mozilla/5.0 (Macintosh; Intel Mac OS X 10_13_3) AppleWebKit/537.36 (KHTML, like Gecko) Chrome/65.0.3325.124 Safari/537.36";"Google Chrome";65.0.3325.124;mac;"hu,en;q=0.9,en-US;q=0.8";"/Users/Zoli/Google Drive/Sites/domains/go_extension_tool/main.php"
"PAGE VISIT";"2018-03-15 11:30:51 Europe/Budapest";localhost;::1;GET;/domains/go_extension_tool/main.php;"page request";"QUERY (1)";;::1;"Mozilla/5.0 (Macintosh; Intel Mac OS X 10_13_3) AppleWebKit/537.36 (KHTML, like Gecko) Chrome/65.0.3325.124 Safari/537.36";"Google Chrome";65.0.3325.124;mac;"hu,en;q=0.9,en-US;q=0.8";"/Users/Zoli/Google Drive/Sites/domains/go_extension_tool/main.php"
"PAGE VISIT";"2018-03-15 11:31:13 Europe/Budapest";localhost;::1;POST;/domains/go_extension_tool/main.php;"page request";"QUERY (1)";;::1;"Mozilla/5.0 (Macintosh; Intel Mac OS X 10_13_3) AppleWebKit/537.36 (KHTML, like Gecko) Chrome/65.0.3325.124 Safari/537.36";"Google Chrome";65.0.3325.124;mac;"hu,en;q=0.9,en-US;q=0.8";"/Users/Zoli/Google Drive/Sites/domains/go_extension_tool/main.php"
"PAGE VISIT";"2018-03-15 15:11:22 Europe/Budapest";localhost;::1;GET;/domains/go_extension_tool/main.php;"page request";"QUERY (1)";;::1;"Mozilla/5.0 (Macintosh; Intel Mac OS X 10_13_3) AppleWebKit/537.36 (KHTML, like Gecko) Chrome/65.0.3325.124 Safari/537.36";"Google Chrome";65.0.3325.124;mac;"hu,en;q=0.9,en-US;q=0.8";"/Users/Zoli/Google Drive/Sites/domains/go_extension_tool/main.php"
"PAGE VISIT";"2018-03-15 15:43:37 Europe/Budapest";localhost;::1;GET;/domains/go_extension_tool/main.php;"page request";"QUERY (1)";;::1;"Mozilla/5.0 (Macintosh; Intel Mac OS X 10_13_3) AppleWebKit/537.36 (KHTML, like Gecko) Chrome/65.0.3325.124 Safari/537.36";"Google Chrome";65.0.3325.124;mac;"hu,en;q=0.9,en-US;q=0.8";"/Users/Zoli/Google Drive/Sites/domains/go_extension_tool/main.php"
"PAGE VISIT";"2018-03-15 15:43:58 Europe/Budapest";localhost;::1;POST;/domains/go_extension_tool/main.php;"page request";"QUERY (1)";;::1;"Mozilla/5.0 (Macintosh; Intel Mac OS X 10_13_3) AppleWebKit/537.36 (KHTML, like Gecko) Chrome/65.0.3325.124 Safari/537.36";"Google Chrome";65.0.3325.124;mac;"hu,en;q=0.9,en-US;q=0.8";"/Users/Zoli/Google Drive/Sites/domains/go_extension_tool/main.php"
"PAGE VISIT";"2018-03-15 15:47:00 Europe/Budapest";localhost;::1;GET;/domains/go_extension_tool/main.php;"page request";"QUERY (1)";;::1;"Mozilla/5.0 (Macintosh; Intel Mac OS X 10_13_3) AppleWebKit/537.36 (KHTML, like Gecko) Chrome/65.0.3325.124 Safari/537.36";"Google Chrome";65.0.3325.124;mac;"hu,en;q=0.9,en-US;q=0.8";"/Users/Zoli/Google Drive/Sites/domains/go_extension_tool/main.php"
"PAGE VISIT";"2018-03-15 15:47:11 Europe/Budapest";localhost;::1;POST;/domains/go_extension_tool/main.php;"page request";"QUERY (1)";;::1;"Mozilla/5.0 (Macintosh; Intel Mac OS X 10_13_3) AppleWebKit/537.36 (KHTML, like Gecko) Chrome/65.0.3325.124 Safari/537.36";"Google Chrome";65.0.3325.124;mac;"hu,en;q=0.9,en-US;q=0.8";"/Users/Zoli/Google Drive/Sites/domains/go_extension_tool/main.php"
"PAGE VISIT";"2018-03-15 15:48:01 Europe/Budapest";localhost;::1;GET;/domains/go_extension_tool/main.php;"page request";"QUERY (1)";;::1;"Mozilla/5.0 (Macintosh; Intel Mac OS X 10_13_3) AppleWebKit/537.36 (KHTML, like Gecko) Chrome/65.0.3325.124 Safari/537.36";"Google Chrome";65.0.3325.124;mac;"hu,en;q=0.9,en-US;q=0.8";"/Users/Zoli/Google Drive/Sites/domains/go_extension_tool/main.php"
"PAGE VISIT";"2018-03-15 15:48:13 Europe/Budapest";localhost;::1;POST;/domains/go_extension_tool/main.php;"page request";"QUERY (1)";;::1;"Mozilla/5.0 (Macintosh; Intel Mac OS X 10_13_3) AppleWebKit/537.36 (KHTML, like Gecko) Chrome/65.0.3325.124 Safari/537.36";"Google Chrome";65.0.3325.124;mac;"hu,en;q=0.9,en-US;q=0.8";"/Users/Zoli/Google Drive/Sites/domains/go_extension_tool/main.php"
"PAGE VISIT";"2018-03-15 16:40:00 Europe/Budapest";localhost;::1;GET;/domains/go_extension_tool/main.php;"page request";"QUERY (1)";;::1;"Mozilla/5.0 (Macintosh; Intel Mac OS X 10_13_3) AppleWebKit/537.36 (KHTML, like Gecko) Chrome/65.0.3325.124 Safari/537.36";"Google Chrome";65.0.3325.124;mac;"hu,en;q=0.9,en-US;q=0.8";"/Users/Zoli/Google Drive/Sites/domains/go_extension_tool/main.php"
"PAGE VISIT";"2018-03-15 16:40:06 Europe/Budapest";localhost;::1;POST;/domains/go_extension_tool/main.php;"page request";"QUERY (1)";;::1;"Mozilla/5.0 (Macintosh; Intel Mac OS X 10_13_3) AppleWebKit/537.36 (KHTML, like Gecko) Chrome/65.0.3325.124 Safari/537.36";"Google Chrome";65.0.3325.124;mac;"hu,en;q=0.9,en-US;q=0.8";"/Users/Zoli/Google Drive/Sites/domains/go_extension_tool/main.php"
"PAGE VISIT";"2018-03-15 17:08:23 Europe/Budapest";localhost;::1;GET;/domains/go_extension_tool/main.php;"page request";"QUERY (1)";;::1;"Mozilla/5.0 (Macintosh; Intel Mac OS X 10_13_3) AppleWebKit/537.36 (KHTML, like Gecko) Chrome/65.0.3325.124 Safari/537.36";"Google Chrome";65.0.3325.124;mac;"hu,en;q=0.9,en-US;q=0.8";"/Users/Zoli/Google Drive/Sites/domains/go_extension_tool/main.php"
"PAGE VISIT";"2018-03-15 17:37:24 Europe/Budapest";localhost;::1;POST;/domains/go_extension_tool/main.php;"page request";"QUERY (1)";;::1;"Mozilla/5.0 (Macintosh; Intel Mac OS X 10_13_3) AppleWebKit/537.36 (KHTML, like Gecko) Chrome/65.0.3325.124 Safari/537.36";"Google Chrome";65.0.3325.124;mac;"hu,en;q=0.9,en-US;q=0.8";"/Users/Zoli/Google Drive/Sites/domains/go_extension_tool/main.php"
"PAGE VISIT";"2018-03-15 17:39:39 Europe/Budapest";localhost;::1;POST;/domains/go_extension_tool/main.php;"page request";"QUERY (1)";;::1;"Mozilla/5.0 (Macintosh; Intel Mac OS X 10_13_3) AppleWebKit/537.36 (KHTML, like Gecko) Chrome/65.0.3325.124 Safari/537.36";"Google Chrome";65.0.3325.124;mac;"hu,en;q=0.9,en-US;q=0.8";"/Users/Zoli/Google Drive/Sites/domains/go_extension_tool/main.php"
"PAGE VISIT";"2018-03-15 17:43:37 Europe/Budapest";localhost;::1;POST;/domains/go_extension_tool/main.php;"page request";"QUERY (1)";;::1;"Mozilla/5.0 (Macintosh; Intel Mac OS X 10_13_3) AppleWebKit/537.36 (KHTML, like Gecko) Chrome/65.0.3325.124 Safari/537.36";"Google Chrome";65.0.3325.124;mac;"hu,en;q=0.9,en-US;q=0.8";"/Users/Zoli/Google Drive/Sites/domains/go_extension_tool/main.php"
"PAGE VISIT";"2018-03-15 17:49:57 Europe/Budapest";localhost;::1;POST;/domains/go_extension_tool/main.php;"page request";"QUERY (1)";;::1;"Mozilla/5.0 (Macintosh; Intel Mac OS X 10_13_3) AppleWebKit/537.36 (KHTML, like Gecko) Chrome/65.0.3325.124 Safari/537.36";"Google Chrome";65.0.3325.124;mac;"hu,en;q=0.9,en-US;q=0.8";"/Users/Zoli/Google Drive/Sites/domains/go_extension_tool/main.php"
"PAGE VISIT";"2018-03-15 17:56:56 Europe/Budapest";localhost;::1;GET;/domains/go_extension_tool/main.php;"page request";"QUERY (1)";;::1;"Mozilla/5.0 (Macintosh; Intel Mac OS X 10_13_3) AppleWebKit/537.36 (KHTML, like Gecko) Chrome/65.0.3325.124 Safari/537.36";"Google Chrome";65.0.3325.124;mac;"hu,en;q=0.9,en-US;q=0.8";"/Users/Zoli/Google Drive/Sites/domains/go_extension_tool/main.php"
"PAGE VISIT";"2018-03-15 17:57:09 Europe/Budapest";localhost;::1;POST;/domains/go_extension_tool/main.php;"page request";"QUERY (1)";;::1;"Mozilla/5.0 (Macintosh; Intel Mac OS X 10_13_3) AppleWebKit/537.36 (KHTML, like Gecko) Chrome/65.0.3325.124 Safari/537.36";"Google Chrome";65.0.3325.124;mac;"hu,en;q=0.9,en-US;q=0.8";"/Users/Zoli/Google Drive/Sites/domains/go_extension_tool/main.php"
"PAGE VISIT";"2018-03-15 17:58:48 Europe/Budapest";localhost;::1;POST;/domains/go_extension_tool/main.php;"page request";"QUERY (1)";;::1;"Mozilla/5.0 (Macintosh; Intel Mac OS X 10_13_3) AppleWebKit/537.36 (KHTML, like Gecko) Chrome/65.0.3325.124 Safari/537.36";"Google Chrome";65.0.3325.124;mac;"hu,en;q=0.9,en-US;q=0.8";"/Users/Zoli/Google Drive/Sites/domains/go_extension_tool/main.php"
"PAGE VISIT";"2018-03-15 17:59:05 Europe/Budapest";localhost;::1;POST;/domains/go_extension_tool/main.php;"page request";"QUERY (1)";;::1;"Mozilla/5.0 (Macintosh; Intel Mac OS X 10_13_3) AppleWebKit/537.36 (KHTML, like Gecko) Chrome/65.0.3325.124 Safari/537.36";"Google Chrome";65.0.3325.124;mac;"hu,en;q=0.9,en-US;q=0.8";"/Users/Zoli/Google Drive/Sites/domains/go_extension_tool/main.php"
"PAGE VISIT";"2018-03-15 18:23:43 Europe/Budapest";localhost;::1;GET;/domains/go_extension_tool/main.php;"page request";"QUERY (1)";;::1;"Mozilla/5.0 (Macintosh; Intel Mac OS X 10_13_3) AppleWebKit/537.36 (KHTML, like Gecko) Chrome/65.0.3325.124 Safari/537.36";"Google Chrome";65.0.3325.124;mac;"hu,en;q=0.9,en-US;q=0.8";"/Users/Zoli/Google Drive/Sites/domains/go_extension_tool/main.php"
"PAGE VISIT";"2018-03-15 18:23:51 Europe/Budapest";localhost;::1;POST;/domains/go_extension_tool/main.php;"page request";"QUERY (1)";;::1;"Mozilla/5.0 (Macintosh; Intel Mac OS X 10_13_3) AppleWebKit/537.36 (KHTML, like Gecko) Chrome/65.0.3325.124 Safari/537.36";"Google Chrome";65.0.3325.124;mac;"hu,en;q=0.9,en-US;q=0.8";"/Users/Zoli/Google Drive/Sites/domains/go_extension_tool/main.php"
"PAGE VISIT";"2018-03-15 18:44:08 Europe/Budapest";localhost;::1;POST;/domains/go_extension_tool/main.php;"page request";"QUERY (1)";;::1;"Mozilla/5.0 (Macintosh; Intel Mac OS X 10_13_3) AppleWebKit/537.36 (KHTML, like Gecko) Chrome/65.0.3325.124 Safari/537.36";"Google Chrome";65.0.3325.124;mac;"hu,en;q=0.9,en-US;q=0.8";"/Users/Zoli/Google Drive/Sites/domains/go_extension_tool/main.php"
"PAGE VISIT";"2018-03-15 18:49:06 Europe/Budapest";localhost;::1;POST;/domains/go_extension_tool/main.php;"page request";"QUERY (1)";;::1;"Mozilla/5.0 (Macintosh; Intel Mac OS X 10_13_3) AppleWebKit/537.36 (KHTML, like Gecko) Chrome/65.0.3325.124 Safari/537.36";"Google Chrome";65.0.3325.124;mac;"hu,en;q=0.9,en-US;q=0.8";"/Users/Zoli/Google Drive/Sites/domains/go_extension_tool/main.php"
"PAGE VISIT";"2018-03-15 18:52:32 Europe/Budapest";localhost;::1;POST;/domains/go_extension_tool/main.php;"page request";"QUERY (1)";;::1;"Mozilla/5.0 (Macintosh; Intel Mac OS X 10_13_3) AppleWebKit/537.36 (KHTML, like Gecko) Chrome/65.0.3325.124 Safari/537.36";"Google Chrome";65.0.3325.124;mac;"hu,en;q=0.9,en-US;q=0.8";"/Users/Zoli/Google Drive/Sites/domains/go_extension_tool/main.php"
"PAGE VISIT";"2018-03-15 18:58:14 Europe/Budapest";localhost;::1;POST;/domains/go_extension_tool/main.php;"page request";"QUERY (1)";;::1;"Mozilla/5.0 (Macintosh; Intel Mac OS X 10_13_3) AppleWebKit/537.36 (KHTML, like Gecko) Chrome/65.0.3325.124 Safari/537.36";"Google Chrome";65.0.3325.124;mac;"hu,en;q=0.9,en-US;q=0.8";"/Users/Zoli/Google Drive/Sites/domains/go_extension_tool/main.php"
"PAGE VISIT";"2018-03-15 18:58:20 Europe/Budapest";localhost;::1;POST;/domains/go_extension_tool/main.php;"page request";"QUERY (1)";;::1;"Mozilla/5.0 (Macintosh; Intel Mac OS X 10_13_3) AppleWebKit/537.36 (KHTML, like Gecko) Chrome/65.0.3325.124 Safari/537.36";"Google Chrome";65.0.3325.124;mac;"hu,en;q=0.9,en-US;q=0.8";"/Users/Zoli/Google Drive/Sites/domains/go_extension_tool/main.php"
"PAGE VISIT";"2018-03-15 19:21:21 Europe/Budapest";localhost;::1;GET;/domains/go_extension_tool/main.php;"page request";"QUERY (1)";;::1;"Mozilla/5.0 (Macintosh; Intel Mac OS X 10_13_3) AppleWebKit/537.36 (KHTML, like Gecko) Chrome/65.0.3325.124 Safari/537.36";"Google Chrome";65.0.3325.124;mac;"hu,en;q=0.9,en-US;q=0.8";"/Users/Zoli/Google Drive/Sites/domains/go_extension_tool/main.php"
"PAGE VISIT";"2018-03-15 19:21:57 Europe/Budapest";localhost;::1;POST;/domains/go_extension_tool/main.php;"page request";"QUERY (1)";;::1;"Mozilla/5.0 (Macintosh; Intel Mac OS X 10_13_3) AppleWebKit/537.36 (KHTML, like Gecko) Chrome/65.0.3325.124 Safari/537.36";"Google Chrome";65.0.3325.124;mac;"hu,en;q=0.9,en-US;q=0.8";"/Users/Zoli/Google Drive/Sites/domains/go_extension_tool/main.php"
"PAGE VISIT";"2018-03-15 19:22:35 Europe/Budapest";localhost;::1;POST;/domains/go_extension_tool/main.php;"page request";"QUERY (1)";;::1;"Mozilla/5.0 (Macintosh; Intel Mac OS X 10_13_3) AppleWebKit/537.36 (KHTML, like Gecko) Chrome/65.0.3325.124 Safari/537.36";"Google Chrome";65.0.3325.124;mac;"hu,en;q=0.9,en-US;q=0.8";"/Users/Zoli/Google Drive/Sites/domains/go_extension_tool/main.php"
"PAGE VISIT";"2018-03-15 19:24:58 Europe/Budapest";localhost;::1;POST;/domains/go_extension_tool/main.php;"page request";"QUERY (1)";;::1;"Mozilla/5.0 (Macintosh; Intel Mac OS X 10_13_3) AppleWebKit/537.36 (KHTML, like Gecko) Chrome/65.0.3325.124 Safari/537.36";"Google Chrome";65.0.3325.124;mac;"hu,en;q=0.9,en-US;q=0.8";"/Users/Zoli/Google Drive/Sites/domains/go_extension_tool/main.php"
"PAGE VISIT";"2018-03-23 06:29:43 Europe/Budapest";localhost;::1;GET;/domains/go_extension_tool/main.php;"page request";"QUERY (1)";;::1;"Mozilla/5.0 (Macintosh; Intel Mac OS X 10_13_3) AppleWebKit/537.36 (KHTML, like Gecko) Chrome/66.0.3359.33 Safari/537.36";"Google Chrome";66.0.3359.33;mac;"hu,en;q=0.9,en-US;q=0.8";"/Users/Zoli/Google Drive/Sites/domains/go_extension_tool/main.php"
"PAGE VISIT";"2018-03-23 06:29:54 Europe/Budapest";localhost;::1;POST;/domains/go_extension_tool/main.php;"page request";"QUERY (1)";;::1;"Mozilla/5.0 (Macintosh; Intel Mac OS X 10_13_3) AppleWebKit/537.36 (KHTML, like Gecko) Chrome/66.0.3359.33 Safari/537.36";"Google Chrome";66.0.3359.33;mac;"hu,en;q=0.9,en-US;q=0.8";"/Users/Zoli/Google Drive/Sites/domains/go_extension_tool/main.php"
"PAGE VISIT";"2018-03-24 06:08:13 Europe/Budapest";localhost;::1;GET;/domains/go_extension_tool/main.php;"page request";"QUERY (1)";;::1;"Mozilla/5.0 (Macintosh; Intel Mac OS X 10_13_3) AppleWebKit/537.36 (KHTML, like Gecko) Chrome/66.0.3359.33 Safari/537.36";"Google Chrome";66.0.3359.33;mac;"hu,en;q=0.9,en-US;q=0.8";"/Users/Zoli/Google Drive/Sites/domains/go_extension_tool/main.php"
"PAGE VISIT";"2018-03-24 06:08:25 Europe/Budapest";localhost;::1;POST;/domains/go_extension_tool/main.php;"page request";"QUERY (1)";;::1;"Mozilla/5.0 (Macintosh; Intel Mac OS X 10_13_3) AppleWebKit/537.36 (KHTML, like Gecko) Chrome/66.0.3359.33 Safari/537.36";"Google Chrome";66.0.3359.33;mac;"hu,en;q=0.9,en-US;q=0.8";"/Users/Zoli/Google Drive/Sites/domains/go_extension_tool/main.php"
"PAGE VISIT";"2018-03-24 06:09:25 Europe/Budapest";localhost;::1;GET;/domains/go_extension_tool/main.php;"page request";"QUERY (1)";;::1;"Mozilla/5.0 (Macintosh; Intel Mac OS X 10_13_3) AppleWebKit/537.36 (KHTML, like Gecko) Chrome/66.0.3359.33 Safari/537.36";"Google Chrome";66.0.3359.33;mac;"hu,en;q=0.9,en-US;q=0.8";"/Users/Zoli/Google Drive/Sites/domains/go_extension_tool/main.php"
"PAGE VISIT";"2018-03-24 06:09:38 Europe/Budapest";localhost;::1;POST;/domains/go_extension_tool/main.php;"page request";"QUERY (1)";;::1;"Mozilla/5.0 (Macintosh; Intel Mac OS X 10_13_3) AppleWebKit/537.36 (KHTML, like Gecko) Chrome/66.0.3359.33 Safari/537.36";"Google Chrome";66.0.3359.33;mac;"hu,en;q=0.9,en-US;q=0.8";"/Users/Zoli/Google Drive/Sites/domains/go_extension_tool/main.php"
"PAGE VISIT";"2018-03-26 06:39:40 Europe/Budapest";localhost;::1;GET;/domains/go_extension_tool/main.php;"page request";"QUERY (1)";;::1;"Mozilla/5.0 (Macintosh; Intel Mac OS X 10_13_3) AppleWebKit/537.36 (KHTML, like Gecko) Chrome/66.0.3359.45 Safari/537.36";"Google Chrome";66.0.3359.45;mac;"hu,en;q=0.9,en-US;q=0.8";"/Users/Zoli/Google Drive/Sites/domains/go_extension_tool/main.php"
"PAGE VISIT";"2018-03-26 06:39:50 Europe/Budapest";localhost;::1;POST;/domains/go_extension_tool/main.php;"page request";"QUERY (1)";;::1;"Mozilla/5.0 (Macintosh; Intel Mac OS X 10_13_3) AppleWebKit/537.36 (KHTML, like Gecko) Chrome/66.0.3359.45 Safari/537.36";"Google Chrome";66.0.3359.45;mac;"hu,en;q=0.9,en-US;q=0.8";"/Users/Zoli/Google Drive/Sites/domains/go_extension_tool/main.php"
"PAGE VISIT";"2018-03-27 18:00:58 Europe/London";localhost;::1;GET;/domains/go_extension_tool/main.php;"page request";"QUERY (1)";;::1;"Mozilla/5.0 (Macintosh; Intel Mac OS X 10_13_3) AppleWebKit/537.36 (KHTML, like Gecko) Chrome/66.0.3359.45 Safari/537.36";"Google Chrome";66.0.3359.45;mac;"hu,en;q=0.9,en-US;q=0.8";"/Users/Zoli/Google Drive/Sites/domains/go_extension_tool/main.php"
"PAGE VISIT";"2018-03-27 18:01:10 Europe/London";localhost;::1;POST;/domains/go_extension_tool/main.php;"page request";"QUERY (1)";;::1;"Mozilla/5.0 (Macintosh; Intel Mac OS X 10_13_3) AppleWebKit/537.36 (KHTML, like Gecko) Chrome/66.0.3359.45 Safari/537.36";"Google Chrome";66.0.3359.45;mac;"hu,en;q=0.9,en-US;q=0.8";"/Users/Zoli/Google Drive/Sites/domains/go_extension_tool/main.php"
"PAGE VISIT";"2018-03-27 18:06:23 Europe/London";localhost;::1;GET;/domains/go_extension_tool/main.php;"page request";"QUERY (1)";;::1;"Mozilla/5.0 (Macintosh; Intel Mac OS X 10_13_3) AppleWebKit/537.36 (KHTML, like Gecko) Chrome/66.0.3359.45 Safari/537.36";"Google Chrome";66.0.3359.45;mac;"hu,en;q=0.9,en-US;q=0.8";"/Users/Zoli/Google Drive/Sites/domains/go_extension_tool/main.php"
"PAGE VISIT";"2018-03-27 18:06:30 Europe/London";localhost;::1;POST;/domains/go_extension_tool/main.php;"page request";"QUERY (1)";;::1;"Mozilla/5.0 (Macintosh; Intel Mac OS X 10_13_3) AppleWebKit/537.36 (KHTML, like Gecko) Chrome/66.0.3359.45 Safari/537.36";"Google Chrome";66.0.3359.45;mac;"hu,en;q=0.9,en-US;q=0.8";"/Users/Zoli/Google Drive/Sites/domains/go_extension_tool/main.php"
"PAGE VISIT";"2018-03-29 11:57:13 Europe/London";localhost;::1;GET;/domains/go_extension_tool/main.php;"page request";"QUERY (1)";;::1;"Mozilla/5.0 (Macintosh; Intel Mac OS X 10_13_3) AppleWebKit/537.36 (KHTML, like Gecko) Chrome/66.0.3359.45 Safari/537.36";"Google Chrome";66.0.3359.45;mac;"hu,en;q=0.9,en-US;q=0.8";"/Users/Zoli/Google Drive/Sites/domains/go_extension_tool/main.php"
"PAGE VISIT";"2018-03-29 11:57:23 Europe/London";localhost;::1;POST;/domains/go_extension_tool/main.php;"page request";"QUERY (1)";;::1;"Mozilla/5.0 (Macintosh; Intel Mac OS X 10_13_3) AppleWebKit/537.36 (KHTML, like Gecko) Chrome/66.0.3359.45 Safari/537.36";"Google Chrome";66.0.3359.45;mac;"hu,en;q=0.9,en-US;q=0.8";"/Users/Zoli/Google Drive/Sites/domains/go_extension_tool/main.php"
"PAGE VISIT";"2018-03-29 18:30:36 Europe/London";localhost;::1;GET;/domains/go_extension_tool/main.php;"page request";"QUERY (1)";;::1;"Mozilla/5.0 (Macintosh; Intel Mac OS X 10_13_3) AppleWebKit/537.36 (KHTML, like Gecko) Chrome/66.0.3359.45 Safari/537.36";"Google Chrome";66.0.3359.45;mac;"hu,en;q=0.9,en-US;q=0.8";"/Users/Zoli/Google Drive/Sites/domains/go_extension_tool/main.php"
"PAGE VISIT";"2018-03-29 18:30:49 Europe/London";localhost;::1;POST;/domains/go_extension_tool/main.php;"page request";"QUERY (1)";;::1;"Mozilla/5.0 (Macintosh; Intel Mac OS X 10_13_3) AppleWebKit/537.36 (KHTML, like Gecko) Chrome/66.0.3359.45 Safari/537.36";"Google Chrome";66.0.3359.45;mac;"hu,en;q=0.9,en-US;q=0.8";"/Users/Zoli/Google Drive/Sites/domains/go_extension_tool/main.php"
"PAGE VISIT";"2018-03-29 19:08:51 Europe/London";localhost;::1;GET;/domains/go_extension_tool/main.php;"page request";"QUERY (1)";;::1;"Mozilla/5.0 (Macintosh; Intel Mac OS X 10_13_3) AppleWebKit/537.36 (KHTML, like Gecko) Chrome/66.0.3359.45 Safari/537.36";"Google Chrome";66.0.3359.45;mac;"hu,en;q=0.9,en-US;q=0.8";"/Users/Zoli/Google Drive/Sites/domains/go_extension_tool/main.php"
"PAGE VISIT";"2018-03-29 19:09:02 Europe/London";localhost;::1;POST;/domains/go_extension_tool/main.php;"page request";"QUERY (1)";;::1;"Mozilla/5.0 (Macintosh; Intel Mac OS X 10_13_3) AppleWebKit/537.36 (KHTML, like Gecko) Chrome/66.0.3359.45 Safari/537.36";"Google Chrome";66.0.3359.45;mac;"hu,en;q=0.9,en-US;q=0.8";"/Users/Zoli/Google Drive/Sites/domains/go_extension_tool/main.php"
"PAGE VISIT";"2018-03-29 19:44:22 Europe/London";localhost;::1;POST;/domains/go_extension_tool/main.php;"page request";"QUERY (1)";;::1;"Mozilla/5.0 (Macintosh; Intel Mac OS X 10_13_3) AppleWebKit/537.36 (KHTML, like Gecko) Chrome/66.0.3359.45 Safari/537.36";"Google Chrome";66.0.3359.45;mac;"hu,en;q=0.9,en-US;q=0.8";"/Users/Zoli/Google Drive/Sites/domains/go_extension_tool/main.php"
